Time,Gyro_X, Gyro_Y, Gyro_Z,Accel_X, Accel_Y, Accel_Z,Comp_X, Comp_Y, Comp_Z
    228,   264,   117,   982,  -1888,  2096, 15088, -1888,  2096, 15088
    232,   264,   117,   982,  -1828,  2176, 15132, -1828,  2176, 15132
    251,   -60,   127,   991,  -1544,  2468, 15544, -1544,  2468, 15544
    263,  -357,   149,   991,  -1536,  2512, 15848, -1536,  2512, 15848
    267,  -357,   149,   991,  -1676,  2448, 16064, -1676,  2448, 16064
    271,  -457,   160,   992,  -1676,  2448, 16064, -1676,  2448, 16064
    275,  -542,   173,   996,  -1640,  2452, 16120, -1640,  2452, 16120
    296,  -628,   250,   982,  -1776,  1956, 15992, -1776,  1956, 15992
    307,  -558,   300,   960,  -1712,  1772, 15888, -1712,  1772, 15888
    317,  -457,   346,   921,  -1816,  1860, 15912, -1816,  1860, 15912
    328,  -401,   384,   863,  -2040,  1956, 16076, -2040,  1956, 16076
    331,  -387,   395,   834,  -2040,  1956, 16076, -2040,  1956, 16076
    344,  -305,   446,   745,  -2120,  1760, 16092, -2120,  1760, 16092
    348,  -268,   463,   714,  -2192,  1744, 16200, -2192,  1744, 16200
    351,  -268,   463,   714,  -2192,  1744, 16200, -2192,  1744, 16200
    356,  -238,   478,   679,  -2272,  1848, 16056, -2272,  1848, 16056
    369,  -147,   509,   563,  -2484,  1996, 15968, -2484,  1996, 15968
    380,   -74,   520,   477,  -2548,  2208, 15612, -2548,  2208, 15612
    386,   -39,   518,   435,  -2476,  2380, 15232, -2476,  2380, 15232
    402,   -43,   498,   314,  -2604,  2524, 14728, -2604,  2524, 14728
    413,  -306,   455,   191,  -2572,  2552, 14572, -2572,  2552, 14572
    418,  -433,   433,   152,  -2724,  2576, 14680, -2724,  2576, 14680
    424,  -561,   405,   116,  -2980,  2340, 14960, -2980,  2340, 14960
    436,  -730,   351,    54,  -2892,  2200, 15072, -2892,  2200, 15072
    440,  -754,   325,    32,  -2832,  1956, 15172, -2832,  1956, 15172
    445,  -738,   298,    10,  -2824,  1756, 15088, -2824,  1756, 15088
    451,  -690,   273,    -5,  -2740,  1580, 15296, -2740,  1580, 15296
    455,  -624,   251,   -20,  -2692,  1472, 15240, -2692,  1472, 15240
    468,  -389,   191,   -60,  -2444,  1176, 15280, -2444,  1176, 15280
    479,  -297,   158,   -90,  -2492,  1064, 15196, -2492,  1064, 15196
    484,  -277,   143,  -106,  -2520,  1144, 15104, -2520,  1144, 15104
    496,  -268,   113,  -129,  -2364,  1220, 14896, -2364,  1220, 14896
    501,  -269,    96,  -131,  -2420,  1196, 14804, -2420,  1196, 14804
    520,  -303,    27,  -150,  -2344,  1164, 14528, -2344,  1164, 14528
    530,  -351,   -15,  -176,  -2640,  1080, 14852, -2640,  1080, 14852
    534,  -370,   -34,  -191,  -2740,   912, 14944, -2740,   912, 14944
    539,  -373,   -52,  -207,  -2616,   932, 15100, -2616,   932, 15100
    546,  -365,   -71,  -216,  -2568,   716, 15332, -2568,   716, 15332
    550,  -341,   -91,  -218,  -2484,   472, 15396, -2484,   472, 15396
    555,  -304,  -111,  -218,  -2400,   268, 15780, -2400,   268, 15780
    559,  -249,  -126,  -214,  -2340,    40, 15876, -2340,    40, 15876
    569,  -109,  -143,  -202,  -2216,   -16, 16224, -2216,   -16, 16224
    586,    55,  -147,  -186,  -2280,   -84, 16048, -2280,   -84, 16048
    606,   122,  -150,  -173,  -2252,   152, 15544, -2252,   152, 15544
    623,    73,  -153,  -166,  -2216,   336, 15640, -2216,   336, 15640
    629,    46,  -151,  -167,  -2168,   336, 15616, -2168,   336, 15616
    641,    -9,  -145,  -170,  -2288,   540, 15744, -2288,   540, 15744
    653,   -43,  -137,  -172,  -2208,   404, 15812, -2208,   404, 15812
    660,   -33,  -125,  -179,  -2160,   400, 16052, -2160,   400, 16052
    666,   -13,  -113,  -183,  -2064,   220, 16116, -2064,   220, 16116
    671,     8,  -103,  -192,  -1988,   256, 16108, -1988,   256, 16108
    675,    30,   -92,  -201,  -1924,   208, 16224, -1924,   208, 16224
    684,    60,   -58,  -221,  -1940,   184, 16348, -1940,   184, 16348
    691,    63,   -39,  -227,  -2052,   332, 16368, -2052,   332, 16368
    709,     8,    41,  -244,  -2380,   312, 15808, -2380,   312, 15808
    720,   -25,    68,  -238,  -2196,   -60, 15188, -2196,   -60, 15188
    747,   -93,    79,  -168,  -1988,  -296, 15300, -1988,  -296, 15300
    758,  -115,    79,  -135,  -2036,  -320, 15528, -2036,  -320, 15528
    765,  -127,    81,  -100,  -2112,  -184, 15576, -2112,  -184, 15576
    769,  -123,    83,   -82,  -2184,   -80, 15644, -2184,   -80, 15644
    775,  -117,    86,   -67,  -2220,     0, 15600, -2220,     0, 15600
    797,   -88,    78,   -29,  -2400,   244, 15188, -2400,   244, 15188
    811,   -77,    61,   -28,  -2228,   288, 15224, -2228,   288, 15224
    822,   -82,    52,   -36,  -2228,   332, 15292, -2228,   332, 15292
    833,   -99,    55,   -48,  -2144,   364, 15416, -2144,   364, 15416
    845,  -156,    65,   -67,  -2292,   412, 15352, -2292,   412, 15352
    851,  -178,    69,   -75,  -2376,   420, 15396, -2376,   420, 15396
    877,  -171,    42,   -98,  -2284,    36, 15280, -2284,    36, 15280
    880,  -143,    30,   -98,  -2396,   -44, 15204, -2396,   -44, 15204
    886,  -113,    14,   -97,  -2360,  -168, 15220, -2360,  -168, 15220
    901,   -26,   -25,   -82,  -2368,  -152, 15280, -2368,  -152, 15280
    913,    28,   -49,   -71,  -2368,   -88, 15400, -2368,   -88, 15400
    920,    66,   -61,   -60,  -2284,   -64, 15340, -2284,   -64, 15340
    935,    50,   -71,   -46,  -2328,    20, 15516, -2328,    20, 15516
    944,    26,   -82,   -43,  -2212,    32, 15352, -2212,    32, 15352
    953,    18,   -88,   -39,  -2140,   164, 15504, -2140,   164, 15504
    973,    52,  -112,   -27,  -2108,   300, 15956, -2108,   300, 15956
    978,    70,  -114,   -30,  -2108,   272, 15932, -2108,   272, 15932
    982,    91,  -118,   -38,  -2108,   272, 15932, -2108,   272, 15932
    985,   112,  -116,   -48,  -2080,   340, 15928, -2080,   340, 15928
    997,   147,  -109,   -73,  -2180,   624, 15784, -2180,   624, 15784
   1013,   152,  -107,  -105,  -2228,   556, 15540, -2228,   556, 15540
   1031,   151,  -123,  -123,  -2052,   480, 15824, -2052,   480, 15824
   1042,   198,  -116,  -123,  -2028,   392, 16496, -2028,   392, 16496
   1051,   286,   -81,  -116,  -1812,   488, 16700, -1812,   488, 16700
   1074,   248,    75,   -74,  -1660,   340, 16040, -1660,   340, 16040
   1080,   182,   101,   -65,  -1564,   288, 15868, -1564,   288, 15868
   1087,   112,   122,   -55,  -1632,   272, 15740, -1632,   272, 15740
   1090,    44,   139,   -42,  -1640,   236, 15628, -1640,   236, 15628
   1095,   -17,   153,   -29,  -1768,   152, 15556, -1768,   152, 15556
   1100,   -63,   161,   -13,  -1780,   188, 15696, -1780,   188, 15696
   1105,   -87,   165,    -2,  -1796,   -16, 15592, -1796,   -16, 15592
   1112,   -84,   166,     9,  -1712,    84, 15520, -1712,    84, 15520
   1116,   -66,   163,    18,  -1720,   120, 15588, -1720,   120, 15588
   1131,    16,   133,    46,  -1992,   516, 15504, -1992,   516, 15504
   1143,    61,   106,    62,  -2300,   680, 15640, -2300,   680, 15640
   1157,   136,    78,    60,  -2568,  1084, 15704, -2568,  1084, 15704
   1171,   211,    47,    32,  -2696,   992, 15800, -2696,   992, 15800
   1187,   396,     5,   -16,  -2544,   788, 15792, -2544,   788, 15792
   1191,   476,   -11,   -24,  -2224,   904, 15576, -2224,   904, 15576
   1202,   612,   -45,   -30,  -2132,  1248, 15432, -2132,  1248, 15432
   1209,   697,   -75,   -25,  -2144,  1416, 15464, -2144,  1416, 15464
   1218,   727,   -90,   -21,  -2212,  1396, 15672, -2212,  1396, 15672
   1224,   778,  -116,   -27,  -2512,  1668, 16008, -2512,  1668, 16008
   1240,  1039,  -154,  -101,  -2908,  1920, 16764, -2908,  1920, 16764
   1251,  1405,  -173,  -174,  -2528,  2252, 16772, -2528,  2252, 16772
   1255,  1595,  -188,  -208,  -2508,  2432, 16388, -2508,  2432, 16388
   1260,  1783,  -205,  -231,  -2556,  2700, 16252, -2556,  2700, 16252
   1265,  1959,  -219,  -252,  -2612,  2884, 15920, -2612,  2884, 15920
   1270,  2119,  -235,  -269,  -2792,  3052, 15764, -2792,  3052, 15764
   1275,  2260,  -249,  -276,  -2376,  2672, 15200, -2376,  2672, 15200
   1282,  2374,  -265,  -277,  -2064,  2508, 14964, -2064,  2508, 14964
   1289,  2465,  -289,  -279,  -1508,  2444, 14464, -1508,  2444, 14464
   1299,  2366,  -306,  -249,   -984,  2668, 14280,  -984,  2668, 14280
   1310,  2202,  -313,  -188,  -1044,  2804, 14104, -1044,  2804, 14104
   1313,  2125,  -313,  -148,  -1116,  3008, 13816, -1116,  3008, 13816
   1318,  2125,  -313,  -148,  -1116,  3008, 13816, -1116,  3008, 13816
   1326,  1975,  -320,   -79,  -1248,  3308, 13804, -1248,  3308, 13804
   1330,  1890,  -324,   -47,  -1456,  3420, 13940, -1456,  3420, 13940
   1336,  1806,  -326,   -17,  -1792,  3796, 14228, -1792,  3796, 14228
   1348,  1658,  -316,    43,  -1316,  4004, 14324, -1316,  4004, 14324
   1358,  1530,  -288,   108,  -1120,  4160, 14552, -1120,  4160, 14552
   1363,  1458,  -267,   143,  -1080,  4520, 14848, -1080,  4520, 14848
   1376,  1238,  -184,   244,  -1352,  4972, 15164, -1352,  4972, 15164
   1400,  1233,   -62,   265,  -1536,  6016, 15308, -1536,  6016, 15308
   1412,  1348,   -34,   251,  -1224,  6296, 15160, -1224,  6296, 15160
   1427,  1460,    -8,   232,  -1100,  6708, 15128, -1100,  6708, 15128
   1432,  1497,     1,   228,   -812,  6956, 14672,  -812,  6956, 14672
   1441,  1592,    22,   222,   -892,  7040, 14484,  -892,  7040, 14484
   1448,  1629,    31,   216,  -1428,  7848, 14272, -1428,  7848, 14272
   1457,  1710,    38,   183,  -1504,  8028, 14272, -1504,  8028, 14272
   1464,  1837,    27,   128,  -1340,  8436, 13932, -1340,  8436, 13932
   1474,  1947,    -1,    70,  -1284,  8440, 13756, -1284,  8440, 13756
   1479,  1983,   -21,    45,  -1196,  8556, 13768, -1196,  8556, 13768
   1485,  2014,   -42,    23,   -968,  8624, 13616,  -968,  8624, 13616
   1492,  2037,   -58,     8,   -924,  8796, 13356,  -924,  8796, 13356
   1496,  2057,   -74,    -4,   -792,  8736, 13104,  -792,  8736, 13104
   1524,  2148,   -84,    29,   -604,  9680, 11912,  -604,  9680, 11912
   1534,  2090,   -92,    54,   -612,  9924, 11808,  -612,  9924, 11808
   1545,  1998,   -99,    59,   -840, 10400, 11448,  -840, 10400, 11448
   1553,  1966,  -104,    59,   -440, 10856, 11484,  -440, 10856, 11484
   1563,  1951,  -100,    61,   -404, 10936, 11404,  -404, 10936, 11404
   1566,  1954,   -92,    63,   -240, 11244, 11344,  -240, 11244, 11344
   1570,  1956,   -78,    60,   -248, 11540, 11216,  -248, 11540, 11216
   1575,  1948,   -62,    55,   -260, 11948, 11216,  -260, 11948, 11216
   1592,  1768,    -8,    27,   -564, 11980, 11140,  -564, 11980, 11140
   1615,  1469,   103,   -45,   -244, 12156, 10884,  -244, 12156, 10884
   1619,  1439,   127,   -49,   -196, 12464, 10416,  -196, 12464, 10416
   1641,  1372,   161,   -47,   -576, 12672,  9636,  -576, 12672,  9636
   1643,  1372,   161,   -47,   -664, 12860,  9648,  -664, 12860,  9648
   1659,  1275,    95,   -78,  -1028, 12992,  9336, -1028, 12992,  9336
   1670,  1261,    45,  -102,  -1056, 13084,  9252, -1056, 13084,  9252
   1683,  1292,   -15,  -127,   -948, 12968,  9376,  -948, 12968,  9376
   1693,  1384,   -70,  -145,   -956, 12492,  9384,  -956, 12492,  9384
   1710,  1649,  -164,  -148,   -948, 12744,  9444,  -948, 12744,  9444
   1720,  1858,  -195,  -127,   -552, 12580,  9168,  -552, 12580,  9168
   1726,  1964,  -210,  -111,   -492, 12648,  9032,  -492, 12648,  9032
   1730,  2065,  -227,   -97,  -1016, 12940,  8792, -1016, 12940,  8792
   1737,  2183,  -247,   -86,  -1368, 13568,  8412, -1368, 13568,  8412
   1743,  2314,  -278,   -86,  -1240, 13484,  7932, -1240, 13484,  7932
   1754,  2744,  -421,  -130,  -1196, 13520,  7744, -1196, 13520,  7744
   1758,  2744,  -421,  -130,  -1112, 13572,  7548, -1112, 13572,  7548
   1764,  3076,  -541,  -154,   -920, 13512,  7332,  -920, 13512,  7332
   1776,  3456,  -643,  -152,   -464, 13376,  6948,  -464, 13376,  6948
   1793,  3904,  -753,  -126,   -808, 14196,  5900,  -808, 14196,  5900
   1806,  4153,  -783,   -92,   -904, 14852,  5228,  -904, 14852,  5228
   1813,  4170,  -765,   -82,   -816, 15328,  4972,  -816, 15328,  4972
   1827,  3986,  -648,   -44,   -720, 16168,  4404,  -720, 16168,  4404
   1830,  3824,  -592,   -29,   -752, 16368,  4164,  -752, 16368,  4164
   1837,  3650,  -522,   -15,   -784, 16728,  3724,  -784, 16728,  3724
   1846,  3276,  -350,    10,   -944, 17348,  2448,  -944, 17348,  2448
   1862,  2479,   -34,    52,  -1268, 17948,  1440, -1268, 17948,  1440
   1865,  2159,    82,    68,  -1212, 18132,  1032, -1212, 18132,  1032
   1871,  1827,   192,    84,   -916, 18184,   540,  -916, 18184,   540
   1875,  1489,   299,    92,   -828, 18412,   -84,  -828, 18412,   -84
   1885,   819,   504,    77,   -708, 18476,  -376,  -708, 18476,  -376
   1890,   494,   597,    58,   -736, 18608,  -820,  -736, 18608,  -820
   1896,   186,   679,    32,   -796, 18788, -1272,  -796, 18788, -1272
   1909,  -682,   834,   -43,  -1064, 18584, -1104, -1064, 18584, -1104
   1916,  -936,   862,   -64,  -1076, 18312,  -816, -1076, 18312,  -816
   1926, -1305,   883,  -106,   -928, 17576,  -112,  -928, 17576,  -112
   1934, -1394,   867,  -126,   -476, 16456,   616,  -476, 16456,   616
   1947, -1222,   814,  -132,   -520, 15540,   996,  -520, 15540,   996
   1963,  -623,   650,  -147,   -804, 15852,   648,  -804, 15852,   648
   1973,  -215,   502,  -162,   -908, 16000,   376,  -908, 16000,   376
   1976,   -62,   425,  -162,  -1124, 16100,   200, -1124, 16100,   200
   1982,    52,   347,  -156,  -1044, 16284,   -56, -1044, 16284,   -56
   1997,   263,   138,  -114,  -1144, 16176,   -12, -1144, 16176,   -12
   2003,   306,    83,   -95,  -1088, 16152,  -172, -1088, 16152,  -172
   2010,   328,     0,   -48,  -1236, 16292,  -148, -1236, 16292,  -148
   2028,   186,   -64,    32,  -1240, 16520,     0, -1240, 16520,     0
   2035,     7,   -65,    68,  -1176, 16632,    52, -1176, 16632,    52
   2057,  -457,    18,   105,  -1132, 16844,  1020, -1132, 16844,  1020
   2065,  -692,    94,   114,  -1076, 16636,  1432, -1076, 16636,  1432
   2071,  -780,   134,   112,   -996, 16628,  1680,  -996, 16628,  1680
   2080,  -886,   205,   103,   -792, 16260,  1704,  -792, 16260,  1704
   2087,  -907,   232,    95,   -968, 16292,  1660,  -968, 16292,  1660
   2093,  -891,   253,    80,   -948, 16448,  1524,  -948, 16448,  1524
   2104,  -743,   240,     7,   -948, 16724,  1288,  -948, 16724,  1288
   2108,  -743,   240,     7,  -1016, 16768,  1476, -1016, 16768,  1476
   2114,  -656,   191,   -37,  -1152, 16780,  1356, -1152, 16780,  1356
   2120,  -618,   161,   -54,  -1172, 16624,  1404, -1172, 16624,  1404
   2152,  -604,    56,   -38,   -812, 16116,  1368,  -812, 16116,  1368
   2168,  -756,    37,     3,  -1148, 16268,  1460, -1148, 16268,  1460
   2171,  -824,    32,    13,  -1148, 16268,  1460, -1148, 16268,  1460
   2179,  -942,    17,    24,  -1036, 16484,  1648, -1036, 16484,  1648
   2185,  -999,     1,    24,   -964, 16716,  1764,  -964, 16716,  1764
   2188,  -999,     1,    24,   -944, 16660,  2104,  -944, 16660,  2104
   2198, -1090,   -24,    13,   -864, 16464,  2816,  -864, 16464,  2816
   2213, -1173,   -35,   -12,   -780, 15864,  3916,  -780, 15864,  3916
   2235, -1114,    20,    -6,   -408, 15244,  4472,  -408, 15244,  4472
   2247, -1133,    71,    27,   -724, 15420,  4448,  -724, 15420,  4448
   2256, -1175,   110,    47,   -924, 15904,  4400,  -924, 15904,  4400
   2269, -1317,   125,    69,  -1444, 16244,  4444, -1444, 16244,  4444
   2277, -1359,   120,    67,  -1536, 15928,  4632, -1536, 15928,  4632
   2287, -1412,    87,    36,   -852, 15416,  5020,  -852, 15416,  5020
   2293, -1415,    63,    27,   -500, 15232,  5052,  -500, 15232,  5052
   2296, -1403,    43,    22,   -500, 15232,  5052,  -500, 15232,  5052
   2306, -1336,    13,    18,   -696, 15068,  5444,  -696, 15068,  5444
   2313, -1280,    -2,     9,   -672, 15072,  5644,  -672, 15072,  5644
   2315, -1223,   -20,    -3,   -576, 14964,  6020,  -576, 14964,  6020
   2335, -1099,   -52,   -13,   -500, 15128,  6368,  -500, 15128,  6368
   2339, -1122,   -39,    -3,   -540, 15100,  6340,  -540, 15100,  6340
   2347, -1168,   -25,     7,   -664, 15376,  6220,  -664, 15376,  6220
   2354, -1353,    19,    29,   -880, 15700,  6264,  -880, 15700,  6264
   2360, -1505,    42,    39,  -1108, 15884,  6144, -1108, 15884,  6144
   2364, -1671,    67,    42,  -1412, 16000,  6144, -1412, 16000,  6144
   2376, -2003,    96,    12,  -1620, 15632,  6380, -1620, 15632,  6380
   2383, -2108,   113,    -3,   -496, 14448,  6924,  -496, 14448,  6924
   2393, -2273,   145,   -12,   -628, 14056,  7320,  -628, 14056,  7320
   2403, -2352,   180,   -10,   -420, 13952,  7668,  -420, 13952,  7668
   2410, -2408,   203,    -4,   -220, 13912,  7756,  -220, 13912,  7756
   2429, -2747,   257,     6,   -652, 13756,  8716,  -652, 13756,  8716
   2441, -2933,   322,     9,   -908, 13060,  9080,  -908, 13060,  9080
   2452, -3084,   399,    18,  -1164, 12504,  9432, -1164, 12504,  9432
   2461, -3150,   456,    30,  -1004, 11580, 10592, -1004, 11580, 10592
   2479, -3024,   467,    24,  -1160, 10632, 11468, -1160, 10632, 11468
   2514, -2794,   430,    69,   -884, 10256, 11600,  -884, 10256, 11600
   2517, -2794,   430,    69,  -1004, 10108, 11852, -1004, 10108, 11852
   2525, -2809,   426,    76,  -1120,  9952, 12168, -1120,  9952, 12168
   2529, -2835,   428,    71,  -1564,  9524, 12772, -1564,  9524, 12772
   2541, -2820,   436,    50,  -1696,  9152, 13060, -1696,  9152, 13060
   2548, -2783,   441,    43,  -1408,  8196, 13628, -1408,  8196, 13628
   2564, -2497,   452,    98,  -1232,  7224, 13652, -1232,  7224, 13652
   2583, -2305,   449,   170,  -1420,  7240, 13788, -1420,  7240, 13788
   2597, -2518,   414,   226,  -1756,  7224, 13864, -1756,  7224, 13864
   2602, -2604,   412,   238,  -2324,  6500, 13896, -2324,  6500, 13896
   2621, -2627,   412,   249,  -2648,  5864, 13820, -2648,  5864, 13820
   2625, -2575,   403,   244,  -2484,  5496, 13880, -2484,  5496, 13880
   2634, -2500,   387,   237,  -2136,  5216, 13948, -2136,  5216, 13948
   2645, -2275,   310,   237,  -1860,  4720, 14552, -1860,  4720, 14552
   2660, -2341,   250,   220,  -2368,  4420, 14832, -2368,  4420, 14832
   2672, -2429,   246,   203,  -2812,  4064, 14956, -2812,  4064, 14956
   2684, -2454,   242,   183,  -2816,  3608, 14692, -2816,  3608, 14692
   2699, -2129,   217,   209,  -2364,  2596, 14708, -2364,  2596, 14708
   2725, -1665,   110,   177,  -2432,  2392, 14640, -2432,  2392, 14640
   2733, -1688,    87,   154,  -2556,  2392, 14860, -2556,  2392, 14860
   2753, -1926,   -17,    41,  -2624,  1900, 15356, -2624,  1900, 15356
   2769, -1623,  -105,   -26,  -2228,  1124, 15864, -2228,  1124, 15864
   2777, -1534,  -119,   -50,  -2180,   952, 16004, -2180,   952, 16004
   2786, -1374,  -131,  -102,  -2024,   856, 15816, -2024,   856, 15816
   2801, -1095,  -118,  -140,  -1912,  1328, 15324, -1912,  1328, 15324
   2823,  -847,  -134,  -152,  -2356,   932, 15632, -2356,   932, 15632
   2831,  -814,  -162,  -208,  -2272,   660, 15888, -2272,   660, 15888
   2842,  -837,  -195,  -276,  -2384,   376, 16008, -2384,   376, 16008
   2849,  -820,  -210,  -309,  -2128,    76, 16176, -2128,    76, 16176
   2855,  -719,  -235,  -346,  -1832,   -72, 16160, -1832,   -72, 16160
   2857,  -719,  -235,  -346,  -1808,  -292, 16328, -1808,  -292, 16328
   2876,  -356,  -282,  -364,  -1496,  -960, 15564, -1496,  -960, 15564
   2884,  -208,  -288,  -375,  -1356,  -924, 15432, -1356,  -924, 15432
   2889,  -182,  -291,  -379,  -1500,  -708, 15228, -1500,  -708, 15228
   2901,  -245,  -305,  -380,  -1280,  -612, 15620, -1280,  -612, 15620
   2909,  -511,  -324,  -382,  -1176,  -696, 15756, -1176,  -696, 15756
   2926,  -829,  -305,  -370,  -1448, -1008, 16188, -1448, -1008, 16188
   2934,  -836,  -277,  -350,  -1540, -1208, 16348, -1540, -1208, 16348
   2941,  -793,  -267,  -339,  -1628, -1512, 16400, -1628, -1512, 16400
   2946,  -726,  -257,  -329,  -1744, -1752, 16532, -1744, -1752, 16532
   2951,  -646,  -248,  -322,  -1740, -1984, 16372, -1740, -1984, 16372
   2959,  -474,  -233,  -313,  -1916, -1956, 16552, -1916, -1956, 16552
   2965,  -400,  -228,  -305,  -1856, -2004, 16560, -1856, -2004, 16560
   2972,  -339,  -221,  -299,  -1700, -2012, 16608, -1700, -2012, 16608
   2984,  -226,  -193,  -260,  -1344, -2352, 16496, -1344, -2352, 16496
   3003,  -138,  -151,  -207,  -1136, -2596, 16820, -1136, -2596, 16820
   3014,  -208,   -98,  -149,  -1192, -2704, 16804, -1192, -2704, 16804
   3029,  -161,   -22,   -68,  -1088, -2804, 16320, -1088, -2804, 16320
   3044,   -66,    33,    23,   -876, -2832, 16020,  -876, -2832, 16020
   3063,  -187,    50,   109,  -1264, -2492, 15752, -1264, -2492, 15752
   3066,  -224,    52,   137,  -1264, -2492, 15752, -1264, -2492, 15752
   3076,  -248,    48,   188,  -1200, -2684, 15580, -1200, -2684, 15580
   3091,  -248,    23,   237,  -1324, -2640, 15868, -1324, -2640, 15868
   3102,  -235,     6,   254,  -1320, -2568, 15784, -1320, -2568, 15784
   3106,  -218,    -6,   258,  -1360, -2564, 15844, -1360, -2564, 15844
   3111,  -194,   -15,   260,  -1404, -2436, 15952, -1404, -2436, 15952
   3116,  -157,   -21,   260,  -1384, -2352, 15808, -1384, -2352, 15808
   3126,   -65,   -34,   261,  -1360, -2184, 15672, -1360, -2184, 15672
   3141,    40,   -52,   246,  -1476, -1772, 15400, -1476, -1772, 15400
   3159,    57,   -63,   198,  -1464, -1628, 15488, -1464, -1628, 15488
   3169,    29,   -60,   182,  -1188, -1696, 15164, -1188, -1696, 15164
   3179,   -70,   -49,   156,  -1120, -1744, 15200, -1120, -1744, 15200
   3189,  -122,   -44,   145,  -1224, -1924, 15216, -1224, -1924, 15216
   3198,  -142,   -47,   143,  -1008, -1992, 15100, -1008, -1992, 15100
   3206,  -138,   -59,   141,  -1016, -2016, 14876, -1016, -2016, 14876
   3220,   -97,   -96,   140,  -1052, -2024, 15228, -1052, -2024, 15228
   3230,  -117,  -123,   134,   -968, -2056, 15416,  -968, -2056, 15416
   3248,  -146,  -147,   138,   -724, -2020, 15620,  -724, -2020, 15620
   3257,  -158,  -157,   151,   -788, -2060, 15764,  -788, -2060, 15764
   3274,  -133,  -151,   163,   -660, -2084, 15928,  -660, -2084, 15928
   3277,  -133,  -151,   163,   -660, -2084, 15928,  -660, -2084, 15928
   3280,  -136,  -145,   163,   -620, -2180, 16064,  -620, -2180, 16064
   3290,  -164,  -130,   164,   -544, -2120, 16372,  -544, -2120, 16372
   3302,  -186,  -110,   165,   -512, -2320, 16416,  -512, -2320, 16416
   3319,  -114,   -63,   176,   -356, -2476, 16220,  -356, -2476, 16220
   3331,   -59,   -51,   186,    -48, -2500, 15756,   -48, -2500, 15756
   3341,   -27,   -44,   196,    -76, -2204, 15828,   -76, -2204, 15828
   3356,  -138,   -62,   207,   -384, -2156, 16144,  -384, -2156, 16144
   3370,  -343,   -96,   201,   -752, -2660, 16236,  -752, -2660, 16236
   3380,  -341,  -125,   193,   -812, -2704, 16260,  -812, -2704, 16260
   3386,  -291,  -139,   194,   -844, -2840, 16196,  -844, -2840, 16196
   3393,  -222,  -153,   195,   -852, -2816, 16252,  -852, -2816, 16252
   3397,  -153,  -169,   197,   -864, -2800, 16192,  -864, -2800, 16192
   3402,   -92,  -183,   200,   -864, -2800, 16192,  -864, -2800, 16192
   3408,   -34,  -195,   202,   -788, -2684, 15888,  -788, -2684, 15888
   3421,    63,  -220,   195,   -684, -2692, 15996,  -684, -2692, 15996
   3428,    55,  -227,   184,   -748, -2648, 15884,  -748, -2648, 15884
   3444,    27,  -252,   127,   -836, -2828, 15800,  -836, -2828, 15800
   3450,    32,  -257,   113,   -880, -2980, 15552,  -880, -2980, 15552
   3467,    76,  -278,    76,   -964, -3168, 15364,  -964, -3168, 15364
   3475,   115,  -301,    60,  -1072, -3252, 15316, -1072, -3252, 15316
   3485,   134,  -317,    46,  -1152, -3112, 15388, -1152, -3112, 15388
   3497,   120,  -317,    42,  -1116, -3096, 15468, -1116, -3096, 15468
   3503,   109,  -309,    44,   -968, -3076, 15376,  -968, -3076, 15376
   3511,    99,  -293,    55,   -888, -3128, 15460,  -888, -3128, 15460
   3518,    82,  -287,    64,   -584, -3388, 15140,  -584, -3388, 15140
   3529,    38,  -285,    88,   -176, -3564, 15012,  -176, -3564, 15012
   3539,    21,  -289,   130,    296, -3552, 14924,   296, -3552, 14924
   3546,   -43,  -310,   187,    684, -3568, 14984,   684, -3568, 14984
   3558,  -137,  -327,   255,    932, -3540, 15312,   932, -3540, 15312
   3569,  -261,  -325,   324,    844, -3324, 16104,   844, -3324, 16104
   3574,  -314,  -310,   352,    636, -3124, 16148,   636, -3124, 16148
   3591,  -286,  -178,   436,    168, -2632, 16400,   168, -2632, 16400
   3605,  -221,   -70,   457,   -232, -2728, 16332,  -232, -2728, 16332
   3608,  -221,   -70,   457,   -232, -2728, 16332,  -232, -2728, 16332
   3621,  -133,    27,   434,     68, -2576, 15844,    68, -2576, 15844
   3630,   -75,    85,   427,    260, -2476, 15548,   260, -2476, 15548
   3643,     0,   140,   427,    544, -2276, 15160,   544, -2276, 15160
   3653,    35,   185,   422,    536, -2144, 15016,   536, -2144, 15016
   3662,    -5,   223,   409,    360, -1956, 15052,   360, -1956, 15052
   3687,  -301,   267,   334,    148, -2272, 14556,   148, -2272, 14556
   3704,  -321,   251,   305,    264, -2280, 14308,   264, -2280, 14308
   3717,  -276,   238,   294,    260, -2252, 14400,   260, -2252, 14400
   3728,  -288,   227,   287,    -80, -2276, 14524,   -80, -2276, 14524
   3740,  -273,   236,   274,    104, -2436, 14232,   104, -2436, 14232
   3752,  -260,   230,   268,     -8, -2416, 14016,    -8, -2416, 14016
   3768,  -323,   203,   273,      0, -2364, 14140,     0, -2364, 14140
   3775,  -451,   161,   291,      0, -2480, 14484,     0, -2480, 14484
   3784,  -525,   139,   303,    -36, -2836, 14208,   -36, -2836, 14208
   3787,  -583,   117,   315,    136, -3024, 14180,   136, -3024, 14180
   3810,  -604,   -28,   351,   -388, -3092, 14400,  -388, -3092, 14400
   3818,  -549,   -57,   350,   -532, -2804, 14268,  -532, -2804, 14268
   3825,  -422,  -111,   346,   -600, -2740, 14384,  -600, -2740, 14384
   3829,  -422,  -111,   346,   -608, -2560, 14396,  -608, -2560, 14396
   3836,  -364,  -165,   337,   -400, -2460, 14432,  -400, -2460, 14432
   3852,  -472,  -233,   316,   -320, -2592, 14828,  -320, -2592, 14828
   3872,  -806,  -299,   284,   -440, -3052, 15032,  -440, -3052, 15032
   3899,  -901,  -336,   243,   -348, -3376, 15428,  -348, -3376, 15428
   3913,  -864,  -338,   206,   -688, -3380, 15528,  -688, -3380, 15528
   3929,  -909,  -356,   148,  -1032, -3856, 14896, -1032, -3856, 14896
   3942, -1104,  -278,    76,   6116,  1856, 28380,  6116,  1856, 28380
   3944, -1104,  -278,    76,   5444,  2112, 22672,  5444,  2112, 22672
   3947, -1514,    30,    -2,   5444,  2112, 22672,  5444,  2112, 22672
   3951, -1727,   292,  -157,   6148,  1924, 17036,  6148,  1924, 17036
   3960, -1706,   591,  -401,   2712, -7196, 17072,  2712, -7196, 17072
   3974, -1406,   646,  -286,   -212, -6516, 12344,  -212, -6516, 12344
   3982, -1396,   311,  -131,   -804, -4924, 14776,  -804, -4924, 14776
   3987, -1468,   251,  -132,  -2036, -5176, 13192, -2036, -5176, 13192
   4002, -1593,    49,  -262,  -1152, -7072, 13140, -1152, -7072, 13140
   4012, -1577,   -56,  -358,    -48, -7260, 14656,   -48, -7260, 14656
   4025, -1576,  -116,  -385,    440, -7316, 14576,   440, -7316, 14576
   4038, -1569,  -158,  -345,     96, -6644, 14600,    96, -6644, 14600
   4048, -1534,  -196,  -320,    -60, -7080, 15884,   -60, -7080, 15884
   4051, -1441,  -180,  -322,   -952, -7096, 15472,  -952, -7096, 15472
   4058, -1341,  -172,  -336,  -1832, -6788, 15764, -1832, -6788, 15764
   4065, -1145,  -194,  -365,  -1404, -7228, 15596, -1404, -7228, 15596
   4091, -1141,  -102,  -394,   -672, -6988, 12284,  -672, -6988, 12284
   4101, -1453,   -52,  -363,   -296, -7016, 11844,  -296, -7016, 11844
   4124, -2190,     5,  -248,    748, -7932, 12456,   748, -7932, 12456
   4138, -2561,   -13,  -170,    888, -9308, 11508,   888, -9308, 11508
   4146, -2807,   -41,  -124,   1372, -9676, 11408,  1372, -9676, 11408
   4153, -2940,   -44,   -98,   1340,-10304, 11112,  1340,-10304, 11112
   4156, -3062,   -58,   -71,    664,-11140, 10688,   664,-11140, 10688
   4164, -3187,   -73,   -34,    620,-10980, 11692,   620,-10980, 11692
   4171, -3323,   -79,     9,    -92,-10824, 11976,   -92,-10824, 11976
   4179, -3265,   -79,    17,    244,-10864, 12928,   244,-10864, 12928
   4192, -2739,  -101,     9,    768,-11120, 12884,   768,-11120, 12884
   4207, -2038,  -159,    19,   1380,-12684, 10076,  1380,-12684, 10076
   4213, -1886,  -165,    47,   1380,-12684, 10076,  1380,-12684, 10076
   4217, -1759,  -159,    76,   1228,-12692,  9324,  1228,-12692,  9324
   4221, -1696,  -152,   113,    888,-12580,  8404,   888,-12580,  8404
   4226, -1757,  -156,   164,    360,-12240,  8736,   360,-12240,  8736
   4240, -2214,  -165,   318,    584,-13388,  8212,   584,-13388,  8212
   4244, -2214,  -165,   318,    584,-13388,  8212,   584,-13388,  8212
   4247, -2441,  -172,   378,    392,-13676,  7600,   392,-13676,  7600
   4251, -2645,  -181,   439,   1108,-14996,  7396,  1108,-14996,  7396
   4256, -2927,  -202,   522,   2308,-15772,  6608,  2308,-15772,  6608
   4262, -3199,  -209,   606,   2716,-12312,  7908,  2716,-12312,  7908
   4273, -2962,  -215,   444,   3068,-13280,  9280,  3068,-13280,  9280
   4277, -2613,  -219,   339,   2284,-14636,  8960,  2284,-14636,  8960
   4291, -1882,  -268,   239,   -732,-12468,  6292,  -732,-12468,  6292
   4308, -2000,  -216,   168,   -248,-13600,  7080,  -248,-13600,  7080
   4317, -1844,  -136,    95,   -104,-15228,  8064,  -104,-15228,  8064
   4331,  -952,   -55,   157,   -540,-16236,  8396,  -540,-16236,  8396
   4343,  -339,   -44,   244,   -644,-15688,  6852,  -644,-15688,  6852
   4356,  -171,   -41,   365,    444,-14916,  5116,   444,-14916,  5116
   4374,  -594,    -2,   380,    444,-14916,  5116,   444,-14916,  5116
   4376,  -753,     6,   357,    548,-14980,  5076,   548,-14980,  5076
   4382,  -911,     8,   321,    624,-14880,  4788,   624,-14880,  4788
   4403, -1394,    21,   147,    764,-15036,  5728,   764,-15036,  5728
   4413, -1418,    17,    65,    348,-14680,  5548,   348,-14680,  5548
   4429, -1512,    -2,   -13,   -144,-14312,  5228,  -144,-14312,  5228
   4440, -1474,   -13,   -27,     72,-14072,  5168,    72,-14072,  5168
   4447, -1471,   -15,   -44,     -8,-14116,  5040,    -8,-14116,  5040
   4452, -1471,   -18,   -64,    -80,-14888,  5060,   -80,-14888,  5060
   4460, -1366,   -26,  -100,     44,-15340,  5312,    44,-15340,  5312
   4470, -1039,     0,  -106,   -168,-15376,  5288,  -168,-15376,  5288
   4475,  -958,    -7,  -107,     20,-15700,  4764,    20,-15700,  4764
   4483,  -946,   -27,  -111,    628,-16144,  3800,   628,-16144,  3800
   4492,  -944,   -48,  -130,    936,-16048,  3564,   936,-16048,  3564
   4496,  -974,   -54,  -157,   1324,-15368,  2432,  1324,-15368,  2432
   4505, -1196,   -55,  -229,   1524,-15496,  1880,  1524,-15496,  1880
   4511, -1345,   -54,  -265,   1588,-16368,  2120,  1588,-16368,  2120
   4523, -1539,   -44,  -323,   1604,-16868,  2696,  1604,-16868,  2696
   4529, -1561,   -44,  -352,   1032,-16732,  3164,  1032,-16732,  3164
   4538, -1489,   -52,  -385,    820,-16660,  3072,   820,-16660,  3072
   4547, -1378,   -75,  -370,    340,-16376,  3012,   340,-16376,  3012
   4556, -1242,   -87,  -349,    404,-15908,  2708,   404,-15908,  2708
   4567, -1155,   -78,  -332,    600,-15764,  1976,   600,-15764,  1976
   4588,  -794,     1,  -262,    208,-16584,  2164,   208,-16584,  2164
   4591,  -713,    12,  -258,    244,-16816,  1888,   244,-16816,  1888
   4599,  -645,    18,  -257,    156,-16836,  1504,   156,-16836,  1504
   4609,  -523,    35,  -256,    -92,-16416,   996,   -92,-16416,   996
   4625,  -606,    79,  -243,     92,-16724,  1140,    92,-16724,  1140
   4643,  -515,   136,  -189,   -212,-16204,  1256,  -212,-16204,  1256
   4651,  -504,   152,  -175,     32,-16784,  1064,    32,-16784,  1064
   4663,  -389,   176,  -181,    -96,-16420,   708,   -96,-16420,   708
   4672,  -301,   186,  -190,    116,-16140,   428,   116,-16140,   428
   4684,  -323,   188,  -190,    748,-16008,   -48,   748,-16008,   -48
   4695,  -327,   200,  -165,   1228,-16228,    72,  1228,-16228,    72
   4701,  -309,   194,  -160,   1264,-16608,   152,  1264,-16608,   152
   4708,  -273,   183,  -154,   1044,-17276,   496,  1044,-17276,   496
   4721,    29,   173,  -119,    736,-17216,   464,   736,-17216,   464
   4731,   178,   161,   -95,   1148,-17272,   280,  1148,-17272,   280
   4740,   298,   158,   -55,   1252,-17328,   412,  1252,-17328,   412
   4746,   375,   160,   -30,   1340,-17388,   608,  1340,-17388,   608
   4759,   530,   152,    -4,    680,-16048,   744,   680,-16048,   744
   4769,   654,   178,    25,   1108,-16304,   756,  1108,-16304,   756
   4773,   639,   184,    31,   1108,-16304,   756,  1108,-16304,   756
   4779,   614,   192,    28,   1300,-16396,  1052,  1300,-16396,  1052
   4786,   650,   198,    21,   1300,-16396,  1264,  1300,-16396,  1264
   4794,   685,   198,    19,   1024,-16080,  1504,  1024,-16080,  1504
   4800,   766,   200,    29,   1212,-15896,  1680,  1212,-15896,  1680
   4807,   799,   204,    35,   1288,-15924,  1728,  1288,-15924,  1728
   4810,   827,   197,    46,   1552,-16036,  1908,  1552,-16036,  1908
   4813,   827,   197,    46,   1552,-16036,  1908,  1552,-16036,  1908
   4817,   876,   196,    54,   1888,-16144,  1880,  1888,-16144,  1880
   4821,   949,   193,    67,   2016,-16048,  1928,  2016,-16048,  1928
   4827,  1020,   184,    78,   1956,-15964,  2080,  1956,-15964,  2080
   4837,  1145,   167,    82,   1924,-15856,  2368,  1924,-15856,  2368
   4841,  1229,   173,    79,   1876,-16000,  2344,  1876,-16000,  2344
   4849,  1296,   175,    80,   1764,-15436,  2012,  1764,-15436,  2012
   4870,  1105,   174,    70,   1624,-15640,  2532,  1624,-15640,  2532
   4880,  1104,   177,    54,   1488,-16032,  3396,  1488,-16032,  3396
   4893,  1153,   168,    29,   1416,-16084,  3568,  1416,-16084,  3568
   4903,  1211,   163,    10,   1652,-16452,  3400,  1652,-16452,  3400
   4923,  1201,   140,    13,    804,-15428,  3720,   804,-15428,  3720
   4929,  1161,   145,    -9,    804,-15428,  3720,   804,-15428,  3720
   4932,  1148,   149,   -23,   1308,-15924,  4268,  1308,-15924,  4268
   4943,  1230,   148,   -42,   1080,-16164,  4620,  1080,-16164,  4620
   4948,  1331,   148,   -46,   1080,-16164,  4620,  1080,-16164,  4620
   4954,  1466,   153,   -50,    772,-15484,  4940,   772,-15484,  4940
   4960,  1667,   165,   -64,    868,-15464,  4952,   868,-15464,  4952
   4969,  1721,   168,   -72,   1336,-16204,  5876,  1336,-16204,  5876
   4988,  2107,   149,   -59,   1060,-16648,  7284,  1060,-16648,  7284
   5003,  2663,   136,   -51,    716,-16516,  7868,   716,-16516,  7868
   5010,  3050,   138,   -51,    492,-14244,  6628,   492,-14244,  6628
   5032,  2835,   169,   -66,    888,-13592,  6048,   888,-13592,  6048
   5035,  2720,   195,   -55,    812,-13640,  6436,   812,-13640,  6436
   5040,  2622,   218,   -36,    824,-13892,  7076,   824,-13892,  7076
   5044,  2622,   218,   -36,   1048,-13444,  8384,  1048,-13444,  8384
   5063,  2537,   312,    45,   1044,-13168,  8840,  1044,-13168,  8840
   5069,  2584,   336,    60,   1084,-12944,  9176,  1084,-12944,  9176
   5080,  2733,   358,    89,   1140,-12256, 10180,  1140,-12256, 10180
   5095,  3110,   380,    44,   1060,-11720, 11700,  1060,-11720, 11700
   5102,  3223,   378,    33,   1340,-11120, 11496,  1340,-11120, 11496
   5124,  3474,   351,   -10,   1276,-12052, 11396,  1276,-12052, 11396
   5136,  3258,   306,    88,   1248,-10348, 10404,  1248,-10348, 10404
   5160,  2467,   407,   117,   1260, -8572, 11292,  1260, -8572, 11292
   5169,  2321,   432,   104,   1232, -8000, 11772,  1232, -8000, 11772
   5177,  2117,   445,    74,   1184, -8104, 11792,  1184, -8104, 11792
   5186,  2018,   418,    59,   2044, -7920, 13176,  2044, -7920, 13176
   5196,  1942,   367,    24,   2008, -7872, 13516,  2008, -7872, 13516
   5208,  2041,   339,   -30,   1420, -8060, 14248,  1420, -8060, 14248
   5222,  2426,   294,  -130,    664, -7580, 14300,   664, -7580, 14300
   5235,  2691,   220,  -136,    360, -6880, 14204,   360, -6880, 14204
   5243,  2758,   200,  -135,    156, -6196, 14408,   156, -6196, 14408
   5247,  2808,   192,  -135,    156, -6196, 14408,   156, -6196, 14408
   5255,  2870,   188,  -135,   -468, -5708, 14012,  -468, -5708, 14012
   5263,  2897,   189,  -147,   -516, -4704, 13816,  -516, -4704, 13816
   5272,  2906,   194,  -181,   -272, -4044, 13700,  -272, -4044, 13700
   5276,  2857,   197,  -205,     64, -3600, 13580,    64, -3600, 13580
   5289,  2654,   191,  -257,    272, -3744, 12428,   272, -3744, 12428
   5294,  2534,   172,  -283,    256, -4140, 12560,   256, -4140, 12560
   5303,  2312,   101,  -325,    400, -4064, 13100,   400, -4064, 13100
   5311,  2002,    44,  -341,    436, -4188, 14076,   436, -4188, 14076
   5322,  1733,    28,  -340,      0, -4004, 15100,     0, -4004, 15100
   5333,  1485,    33,  -320,   -672, -4012, 15932,  -672, -4012, 15932
   5339,  1364,    45,  -300,  -1164, -3784, 16532, -1164, -3784, 16532
   5349,  1177,    91,  -232,  -1344, -3544, 16580, -1344, -3544, 16580
   5357,  1165,   177,  -179,  -1096, -3288, 16560, -1096, -3288, 16560
   5362,  1213,   228,  -162,   -660, -2812, 16648,  -660, -2812, 16648
   5366,  1270,   276,  -147,   -316, -2400, 16588,  -316, -2400, 16588
   5375,  1349,   345,  -127,   -268, -1988, 16140,  -268, -1988, 16140
   5395,  1339,   373,  -107,    452, -1596, 14412,   452, -1596, 14412
   5403,  1312,   358,  -107,    648, -1012, 15552,   648, -1012, 15552
   5418,  1131,   322,  -129,    508, -1528, 15824,   508, -1528, 15824
   5426,  1045,   355,   -75,   -344, -1816, 16032,  -344, -1816, 16032
   5444,  1051,   407,   -24,   -644,   236, 15928,  -644,   236, 15928
   5456,  1096,   416,   -54,   -348,   592, 15256,  -348,   592, 15256
   5464,  1108,   412,   -58,   -364,   432, 15044,  -364,   432, 15044
   5467,  1111,   404,   -59,   -364,   432, 15044,  -364,   432, 15044
   5473,  1098,   399,   -60,   -424,   212, 15180,  -424,   212, 15180
   5479,  1060,   398,   -65,   -656,   296, 15452,  -656,   296, 15452
   5487,   910,   398,   -69,   -472,   816, 15232,  -472,   816, 15232
   5492,   827,   393,   -70,   -788,   808, 15528,  -788,   808, 15528
   5499,   766,   392,   -71,  -1252,   816, 15732, -1252,   816, 15732
   5506,   745,   386,   -44,   -588,  1064, 14964,  -588,  1064, 14964
   5534,   751,   331,    -3,   -380,  1232, 14800,  -380,  1232, 14800
   5547,   352,   291,    20,   -460,  1324, 14616,  -460,  1324, 14616
   5562,   -35,   268,    52,   -776,  1560, 14708,  -776,  1560, 14708
   5572,  -191,   258,    79,   -920,  1580, 14764,  -920,  1580, 14764
   5576,  -243,   251,    88,  -1032,  1432, 15064, -1032,  1432, 15064
   5590,  -351,   239,   114,  -1048,   868, 15616, -1048,   868, 15616
   5600,  -357,   231,   144,  -1212,   984, 16248, -1212,   984, 16248
   5609,  -354,   228,   155,  -1336,  1000, 16268, -1336,  1000, 16268
   5632,  -128,   168,   121,  -1768,  1296, 15432, -1768,  1296, 15432
   5642,   -42,   107,    93,  -1572,  1560, 15260, -1572,  1560, 15260
   5650,   -23,    32,    46,  -1224,  1556, 15028, -1224,  1556, 15028
   5660,   -10,   -46,   -11,   -912,  1260, 14920,  -912,  1260, 14920
   5673,    45,  -125,   -58,   -852,   332, 15272,  -852,   332, 15272
   5679,    72,  -155,   -67,   -852,   332, 15272,  -852,   332, 15272
   5683,    81,  -174,   -69,   -816,   604, 15604,  -816,   604, 15604
   5686,    69,  -185,   -73,   -868,   736, 15928,  -868,   736, 15928
   5698,    20,  -190,   -88,  -1120,  1056, 15788, -1120,  1056, 15788
   5708,   -26,  -192,  -100,  -1744,   596, 15812, -1744,   596, 15812
   5718,   -73,  -199,  -106,  -1664,   364, 15884, -1664,   364, 15884
   5727,   -87,  -210,  -104,  -1712,   384, 15872, -1712,   384, 15872
   5734,   -80,  -215,  -101,  -1544,   404, 16116, -1544,   404, 16116
   5749,   -54,  -219,   -88,   -568,   388, 16276,  -568,   388, 16276
   5757,   -41,  -185,   -55,   -504,   436, 16340,  -504,   436, 16340
   5771,   -81,  -117,   -22,   -484,   604, 15968,  -484,   604, 15968
   5774,   -81,  -117,   -22,   -468,   720, 15440,  -468,   720, 15440
   5784,  -119,   -92,   -20,   -432,  1132, 15108,  -432,  1132, 15108
   5791,  -160,  -103,   -29,   -564,  1108, 15004,  -564,  1108, 15004
   5797,  -194,  -116,   -36,   -604,  1152, 15028,  -604,  1152, 15028
   5803,  -227,  -124,   -46,   -540,  1132, 15196,  -540,  1132, 15196
   5806,  -256,  -133,   -53,   -460,  1116, 15288,  -460,  1116, 15288
   5819,  -306,  -129,   -77,   -272,  1092, 15396,  -272,  1092, 15396
   5828,  -353,  -117,  -105,   -444,   996, 16100,  -444,   996, 16100
   5848,  -428,   -76,  -177,   -852,   316, 16096,  -852,   316, 16096
   5867,  -374,   -45,  -212,   -720,  -112, 15896,  -720,  -112, 15896
   5872,  -350,   -36,  -208,   -552,  -308, 15768,  -552,  -308, 15768
   5880,  -323,   -27,  -201,      4,  -448, 15544,     4,  -448, 15544
   5885,  -270,   -16,  -186,    136,  -356, 15612,   136,  -356, 15612
   5892,  -260,    -8,  -180,    388,  -280, 15564,   388,  -280, 15564
   5899,  -264,    -1,  -176,    408,  -312, 15388,   408,  -312, 15388
   5902,  -285,     2,  -170,    228,  -508, 15432,   228,  -508, 15432
   5910,  -319,     1,  -166,   -240,  -332, 15600,  -240,  -332, 15600
   5916,  -406,   -11,  -166,   -440,  -252, 15560,  -440,  -252, 15560
   5927,  -451,   -38,  -175,   -844,   -96, 15868,  -844,   -96, 15868
   5936,  -453,   -77,  -172,  -1012,  -148, 15820, -1012,  -148, 15820
   5942,  -431,  -103,  -169,   -844,  -496, 15668,  -844,  -496, 15668
   5957,  -344,  -199,  -172,  -1132,  -868, 15972, -1132,  -868, 15972
   5971,  -363,  -300,  -170,  -1132, -1164, 16020, -1132, -1164, 16020
   5979,  -386,  -334,  -162,  -1192, -1124, 16008, -1192, -1124, 16008
   5989,  -426,  -394,  -144,  -1192, -1124, 16008, -1192, -1124, 16008
   5994,  -438,  -423,  -138,   -620, -1056, 15524,  -620, -1056, 15524
   6003,  -457,  -497,  -125,   -400,  -992, 15212,  -400,  -992, 15212
   6010,  -469,  -542,  -121,   -424, -1184, 15208,  -424, -1184, 15208
   6013,  -480,  -582,  -126,   -424, -1184, 15208,  -424, -1184, 15208
   6024,  -476,  -639,  -157,   -740, -1152, 15724,  -740, -1152, 15724
   6028,  -487,  -664,  -176,   -624, -1012, 15704,  -624, -1012, 15704
   6038,  -485,  -734,  -213,   -348,  -364, 15944,  -348,  -364, 15944
   6053,  -412,  -875,  -284,   -144,  -436, 15964,  -144,  -436, 15964
   6057,  -374,  -922,  -308,    144,  -736, 15920,   144,  -736, 15920
   6069,  -279, -1010,  -340,    844, -1344, 15840,   844, -1344, 15840
   6072,  -234, -1048,  -348,   1168, -1556, 15932,  1168, -1556, 15932
   6078,  -205, -1088,  -349,   1416, -1592, 15916,  1416, -1592, 15916
   6091,  -196, -1179,  -353,   2260, -1316, 15332,  2260, -1316, 15332
   6101,  -223, -1231,  -377,   2332, -1280, 15080,  2332, -1280, 15080
   6107,  -247, -1257,  -393,   2268, -1220, 14848,  2268, -1220, 14848
   6122,  -338, -1348,  -454,   2116,  -996, 14640,  2116,  -996, 14640
   6127,  -387, -1383,  -469,   2088,  -988, 14648,  2088,  -988, 14648
   6134,  -457, -1424,  -483,   2128, -1072, 14828,  2128, -1072, 14828
   6140,  -543, -1462,  -492,   2148, -1396, 14852,  2148, -1396, 14852
   6146,  -736, -1542,  -508,   2280, -1576, 14836,  2280, -1576, 14836
   6150,  -812, -1578,  -513,   3244, -1916, 14996,  3244, -1916, 14996
   6165,  -864, -1678,  -522,   3468, -1992, 15212,  3468, -1992, 15212
   6175,  -730, -1722,  -521,   3720, -2152, 15380,  3720, -2152, 15380
   6179,  -730, -1722,  -521,   3696, -2372, 15776,  3696, -2372, 15776
   6192,  -454, -1787,  -544,   3440, -2488, 16108,  3440, -2488, 16108
   6202,  -346, -1814,  -574,   3804, -2980, 16100,  3804, -2980, 16100
   6217,   -98, -1801,  -583,   5240, -2684, 15488,  5240, -2684, 15488
   6225,    49, -1799,  -577,   5396, -2772, 15436,  5396, -2772, 15436
   6230,    49, -1799,  -577,   5464, -3116, 15240,  5464, -3116, 15240
   6240,   147, -1808,  -564,   5420, -3316, 15376,  5420, -3316, 15376
   6243,   193, -1804,  -556,   5420, -3316, 15376,  5420, -3316, 15376
   6248,   231, -1795,  -543,   5524, -2964, 15588,  5524, -2964, 15588
   6257,   283, -1759,  -510,   6104, -2160, 15224,  6104, -2160, 15224
   6270,   328, -1709,  -473,   6308, -1952, 15136,  6308, -1952, 15136
   6273,   363, -1682,  -458,   6308, -1952, 15136,  6308, -1952, 15136
   6285,   446, -1629,  -432,   6940, -1508, 14152,  6940, -1508, 14152
   6291,   477, -1607,  -406,   7120, -1572, 13964,  7120, -1572, 13964
   6300,   464, -1611,  -390,   7180, -1368, 13716,  7180, -1368, 13716
   6309,   407, -1622,  -366,   7380, -1168, 13516,  7380, -1168, 13516
   6320,   348, -1631,  -358,   7652,  -860, 13012,  7652,  -860, 13012
   6328,   357, -1625,  -354,   7772,  -840, 12920,  7772,  -840, 12920
   6339,   383, -1622,  -340,   8016,  -800, 12720,  8016,  -800, 12720
   6342,   374, -1620,  -326,   8260,  -784, 12552,  8260,  -784, 12552
   6358,   262, -1630,  -287,   8724,  -536, 12364,  8724,  -536, 12364
   6377,    14, -1644,  -271,   9516,  -228, 12044,  9516,  -228, 12044
   6389,   -63, -1630,  -285,   9616,  -320, 12000,  9616,  -320, 12000
   6397,  -129, -1613,  -299,   9580,  -576, 11640,  9580,  -576, 11640
   6405,  -157, -1609,  -301,   9488, -1036, 11456,  9488, -1036, 11456
   6417,  -209, -1617,  -297,   9636, -1088, 11336,  9636, -1088, 11336
   6439,  -253, -1627,  -268,  10696,  -656, 11928, 10696,  -656, 11928
   6445,  -248, -1614,  -264,  10856,  -640, 12108, 10856,  -640, 12108
   6448,  -232, -1595,  -263,  11020,  -700, 12304, 11020,  -700, 12304
   6462,  -109, -1497,  -258,  11136,  -708, 12208, 11136,  -708, 12208
   6476,    33, -1374,  -247,  11140, -1032, 11832, 11140, -1032, 11832
   6490,    87, -1307,  -228,  11208, -1016, 11208, 11208, -1016, 11208
   6500,   117, -1257,  -214,  11404,  -724, 10840, 11404,  -724, 10840
   6508,   155, -1211,  -218,  11816,  -160, 10268, 11816,  -160, 10268
   6528,   237, -1107,  -222,  11744,  -152, 10144, 11744,  -152, 10144
   6539,   213, -1062,  -206,  11672,  -288,  9772, 11672,  -288,  9772
   6548,   184, -1012,  -183,  11916,  -164,  9460, 11916,  -164,  9460
   6556,   165,  -983,  -172,  12084,   -96,  9392, 12084,   -96,  9392
   6558,   133,  -962,  -164,  12084,   -96,  9392, 12084,   -96,  9392
   6568,    40,  -927,  -148,  12308,  -144,  9140, 12308,  -144,  9140
   6577,   -36,  -903,  -136,  12408,   -44,  9116, 12408,   -44,  9116
   6585,   -54,  -890,  -134,  12628,     4,  9124, 12628,     4,  9124
   6594,   -55,  -861,  -128,  12704,   112,  9212, 12704,   112,  9212
   6603,   -62,  -835,  -111,  13084,    12,  9152, 13084,    12,  9152
   6610,   -59,  -819,  -102,  12992,   -28,  9112, 12992,   -28,  9112
   6623,   -20,  -772,   -78,  12884,  -132,  8832, 12884,  -132,  8832
   6633,    22,  -752,   -60,  12892,  -232,  8692, 12892,  -232,  8692
   6638,    41,  -742,   -52,  13072,   -32,  8544, 13072,   -32,  8544
   6650,    65,  -736,   -41,  13252,   -68,  8380, 13252,   -68,  8380
   6662,    79,  -729,   -33,  13300,     8,  8412, 13300,     8,  8412
   6668,    74,  -725,   -30,  13288,   -36,  8328, 13288,   -36,  8328
   6677,    58,  -709,   -23,  13452,   100,  8316, 13452,   100,  8316
   6680,    58,  -709,   -23,  13584,    88,  8272, 13584,    88,  8272
   6695,     2,  -682,    -6,  13828,   -80,  7872, 13828,   -80,  7872
   6717,    41,  -664,     8,  14168,  -208,  7484, 14168,  -208,  7484
   6734,    77,  -657,    13,  14084,   200,  7632, 14084,   200,  7632
   6751,    30,  -591,     4,  14068,   280,  8112, 14068,   280,  8112
   6761,   -25,  -538,     5,  14112,    88,  8180, 14112,    88,  8180
   6770,   -46,  -507,     8,  14172,   156,  8008, 14172,   156,  8008
   6774,   -60,  -481,     9,  14172,   156,  8008, 14172,   156,  8008
   6777,   -68,  -457,    11,  14300,     8,  8008, 14300,     8,  8008
   6782,   -69,  -433,    17,  14368,  -112,  7976, 14368,  -112,  7976
   6787,   -66,  -416,    23,  14420,  -180,  7876, 14420,  -180,  7876
   6798,   -19,  -384,    30,  14520,  -300,  7800, 14520,  -300,  7800
   6809,    49,  -346,    40,  14692,  -156,  7668, 14692,  -156,  7668
   6817,    86,  -306,    50,  14680,   -56,  7424, 14680,   -56,  7424
   6828,   119,  -259,    56,  14840,   -80,  7464, 14840,   -80,  7464
   6841,   156,  -155,    61,  14744,    48,  7312, 14744,    48,  7312
   6850,   152,  -118,    63,  14584,   -68,  7288, 14584,   -68,  7288
   6868,    65,    12,    72,  14400,   -20,  7200, 14400,   -20,  7200
   6874,    37,    48,    70,  14588,  -184,  7404, 14588,  -184,  7404
   6880,    12,    83,    67,  14668,   -56,  7416, 14668,   -56,  7416
   6885,   -11,   121,    65,  14608,   -96,  7604, 14608,   -96,  7604
   6888,   -30,   159,    61,  14608,   -96,  7604, 14608,   -96,  7604
   6893,   -45,   199,    55,  14672,   -80,  7720, 14672,   -80,  7720
   6909,   -17,   337,    44,  14792,   -68,  7700, 14792,   -68,  7700
   6921,    47,   480,    63,  14768,   -48,  7760, 14768,   -48,  7760
   6926,    54,   527,    67,  14708,    92,  7752, 14708,    92,  7752
   6933,    54,   573,    73,  14608,    88,  7572, 14608,    88,  7572
   6938,    47,   618,    73,  14608,    88,  7572, 14608,    88,  7572
   6945,    34,   664,    69,  14388,    60,  7628, 14388,    60,  7628
   6960,   -45,   795,    54,  14424,  -168,  7924, 14424,  -168,  7924
   6981,  -136,  1041,    59,  14296,   104,  8568, 14296,   104,  8568
   6993,  -156,  1153,    58,  14204,  -116,  8968, 14204,  -116,  8968
   6996,  -152,  1212,    60,  14140,  -124,  9032, 14140,  -124,  9032
   7000,  -152,  1212,    60,  14008,  -116,  9200, 14008,  -116,  9200
   7005,  -139,  1269,    64,  14020,  -120,  9048, 14020,  -120,  9048
   7026,   -56,  1490,    74,  13852,  -580,  8928, 13852,  -580,  8928
   7040,   -23,  1535,    74,  13260,  -624,  9080, 13260,  -624,  9080
   7050,    72,  1580,    75,  13328,  -624,  9304, 13328,  -624,  9304
   7056,   110,  1600,    81,  13248,  -592,  9532, 13248,  -592,  9532
   7063,   153,  1634,   110,  13056,  -352,  9668, 13056,  -352,  9668
   7073,   184,  1687,   139,  12604,   -92, 10328, 12604,   -92, 10328
   7079,   188,  1716,   145,  11960,  -208, 10832, 11960,  -208, 10832
   7097,   200,  1846,   117,  11556,  -496, 11148, 11556,  -496, 11148
   7103,   239,  1878,   115,  11716,  -576, 11220, 11716,  -576, 11220
   7107,   292,  1909,   119,  11896,  -436, 11272, 11896,  -436, 11272
   7112,   351,  1939,   129,  12004,  -204, 11204, 12004,  -204, 11204
   7122,   444,  2000,   157,  12172,  -172, 11280, 12172,  -172, 11280
   7140,   436,  2094,   183,  12256,  -144, 11352, 12256,  -144, 11352
   7157,   219,  2199,   123,  11092,    92, 11608, 11092,    92, 11608
   7164,   190,  2218,   114,  10736,  -108, 11824, 10736,  -108, 11824
   7169,   173,  2233,   115,  10736,  -108, 11824, 10736,  -108, 11824
   7172,   151,  2239,   127,  10312,    24, 12036, 10312,    24, 12036
   7183,    87,  2225,   149,  10016,   164, 12252, 10016,   164, 12252
   7197,    -3,  2186,   139,   9128,   204, 12880,  9128,   204, 12880
   7203,   -10,  2178,   140,   9004,   104, 13056,  9004,   104, 13056
   7209,   -17,  2173,   143,   8984,    60, 13236,  8984,    60, 13236
   7213,   -22,  2166,   153,   9092,  -360, 13460,  9092,  -360, 13460
   7221,   -14,  2156,   188,   8540,  -140, 13432,  8540,  -140, 13432
   7227,     5,  2151,   194,   8344,  -144, 13544,  8344,  -144, 13544
   7239,    33,  2137,   197,   7672,    24, 13808,  7672,    24, 13808
   7250,    76,  2124,   193,   7496,    20, 13724,  7496,    20, 13724
   7268,   160,  2048,   207,   6856,   -36, 13772,  6856,   -36, 13772
   7272,   172,  2027,   210,   6680,   -84, 13792,  6680,   -84, 13792
   7280,   184,  2009,   212,   6568,  -148, 13372,  6568,  -148, 13372
   7291,   105,  1916,   209,   6392,   -40, 13268,  6392,   -40, 13268
   7306,   -46,  1756,   162,   5492,    92, 13736,  5492,    92, 13736
   7320,   -95,  1653,   130,   5372,   128, 13888,  5372,   128, 13888
   7334,  -173,  1543,   128,   5392,   -80, 14392,  5392,   -80, 14392
   7343,  -221,  1508,   135,   5300,  -312, 14780,  5300,  -312, 14780
   7354,  -271,  1502,   139,   4692,  -960, 15072,  4692,  -960, 15072
   7365,  -319,  1489,   134,   3716,  -664, 15200,  3716,  -664, 15200
   7382,  -284,  1444,   101,   2984,  -592, 15068,  2984,  -592, 15068
   7402,  -147,  1334,    89,   2316,  -636, 15532,  2316,  -636, 15532
   7416,   -49,  1275,    79,   2496,  -516, 15976,  2496,  -516, 15976
   7431,    18,  1257,    82,   2464,  -412, 16052,  2464,  -412, 16052
   7434,    18,  1257,    82,   2464,  -412, 16052,  2464,  -412, 16052
   7437,    45,  1258,    79,   2528,  -464, 15872,  2528,  -464, 15872
   7450,    98,  1249,    71,   2460,  -380, 15612,  2460,  -380, 15612
   7472,   109,  1197,    96,   2248,  -456, 15208,  2248,  -456, 15208
   7477,    77,  1186,   108,   2148,  -392, 15148,  2148,  -392, 15148
   7490,   -17,  1175,   131,   1632,  -316, 15188,  1632,  -316, 15188
   7498,  -119,  1153,   149,   1356,  -284, 15068,  1356,  -284, 15068
   7510,  -196,  1125,   166,   1108,  -232, 15176,  1108,  -232, 15176
   7521,  -204,  1082,   199,    892,  -352, 15148,   892,  -352, 15148
   7535,  -200,  1041,   223,    640,  -336, 15376,   640,  -336, 15376
   7541,  -186,  1005,   248,    544,  -264, 15424,   544,  -264, 15424
   7547,  -180,   993,   259,    384,  -348, 15452,   384,  -348, 15452
   7552,  -180,   979,   272,    348,  -396, 15436,   348,  -396, 15436
   7560,  -182,   969,   287,    112,  -424, 15236,   112,  -424, 15236
   7572,  -223,   915,   315,     20,  -508, 14796,    20,  -508, 14796
   7585,  -255,   838,   309,   -188,  -500, 14552,  -188,  -500, 14552
   7596,  -319,   686,   281,   -332,  -740, 15004,  -332,  -740, 15004
   7622,  -336,   460,   240,   -264,  -792, 15112,  -264,  -792, 15112
   7639,  -287,   354,   202,   -796,  -808, 15064,  -796,  -808, 15064
   7647,  -266,   270,   159,   -948,  -720, 15096,  -948,  -720, 15096
   7653,  -253,   221,   135,  -1076,  -652, 15096, -1076,  -652, 15096
   7669,  -200,    79,    54,   -544,  -616, 15712,  -544,  -616, 15712
   7682,  -141,   -15,   -21,     12,  -792, 15788,    12,  -792, 15788
   7692,   -88,   -47,   -66,    -24,  -860, 16000,   -24,  -860, 16000
   7704,   -52,   -65,  -119,   -156,  -664, 16224,  -156,  -664, 16224
   7716,   -22,   -76,  -173,     68,  -348, 16228,    68,  -348, 16228
   7734,    90,   -79,  -304,   -196,  -532, 16144,  -196,  -532, 16144
   7743,   165,   -85,  -362,   -376,  -636, 15940,  -376,  -636, 15940
   7757,   253,   -98,  -410,   -380,  -808, 15248,  -380,  -808, 15248
   7760,   253,   -98,  -410,   -736, -1852, 15936,  -736, -1852, 15936
   7767,   291,  -100,  -404,  -1284, -2944, 14188, -1284, -2944, 14188
   7771,   344,  -116,  -368,  -1420, -2596, 14760, -1420, -2596, 14760
   7776,   344,  -116,  -368,  -1352, -2272, 15080, -1352, -2272, 15080
   7783,   346,  -158,  -281,  -1468, -2524, 14844, -1468, -2524, 14844
   7792,   276,  -196,  -186,  -1372, -2236, 14428, -1372, -2236, 14428
   7803,   227,  -235,   -99,  -1164, -1828, 14384, -1164, -1828, 14384
   7811,   185,  -253,   -58,  -1164, -1720, 14864, -1164, -1720, 14864
   7837,  -209,  -207,   106,   -764, -1712, 15804,  -764, -1712, 15804
   7854,  -253,  -126,   179,   -300, -1148, 16128,  -300, -1148, 16128
   7863,  -213,   -69,   223,   -364, -1084, 16312,  -364, -1084, 16312
   7867,  -195,   -44,   232,   -548, -1112, 16440,  -548, -1112, 16440
   7877,  -154,     6,   235,   -776,  -900, 16576,  -776,  -900, 16576
   7889,  -102,    47,   232,   -208, -1244, 16416,  -208, -1244, 16416
   7904,    25,   116,   259,    -20, -1396, 16216,   -20, -1396, 16216
   7910,    74,   143,   271,    128, -1180, 16136,   128, -1180, 16136
   7927,   133,   235,   317,     56,  -988, 15832,    56,  -988, 15832
   7932,   141,   256,   326,     60,  -864, 15616,    60,  -864, 15616
   7947,   144,   307,   346,   -288,  -292, 15248,  -288,  -292, 15248
   7962,    77,   378,   344,   -216,    28, 15264,  -216,    28, 15264
   7974,   -19,   439,   332,   -340,   -80, 15484,  -340,   -80, 15484
   7978,   -82,   474,   323,   -552,   -92, 15724,  -552,   -92, 15724
   7984,  -133,   509,   309,   -680,   -68, 15788,  -680,   -68, 15788
   7988,  -163,   551,   293,   -852,  -188, 15820,  -852,  -188, 15820
   7999,  -142,   619,   270,  -1112,  -180, 15632, -1112,  -180, 15632
   8007,   -51,   663,   249,  -1680,  -304, 15388, -1680,  -304, 15388
   8019,    78,   697,   223,  -1236,  -376, 16584, -1236,  -376, 16584
   8028,   203,   800,   209,  -1524,  -348, 16164, -1524,  -348, 16164
   8047,   347,  1000,   145,  -2000,   108, 15856, -2000,   108, 15856
   8056,   355,  1057,   121,  -2140,   284, 16188, -2140,   284, 16188
   8065,   362,  1189,    67,  -1912,    12, 16108, -1912,    12, 16108
   8074,   372,  1323,    33,  -1920,  -200, 16088, -1920,  -200, 16088
   8082,   366,  1442,    17,  -2348,  -948, 16096, -2348,  -948, 16096
   8085,   366,  1442,    17,  -2348,  -948, 16096, -2348,  -948, 16096
   8088,   361,  1497,    21,  -2508, -1488, 15904, -2508, -1488, 15904
   8096,   359,  1540,    35,  -2828, -2072, 15376, -2828, -2072, 15376
   8104,   397,  1605,    91,  -3036, -2128, 15168, -3036, -2128, 15168
   8111,   428,  1621,   125,  -2976, -1792, 15744, -2976, -1792, 15744
   8115,   462,  1643,   158,  -2976, -1792, 15744, -2976, -1792, 15744
   8119,   506,  1671,   185,  -3072, -1296, 15952, -3072, -1296, 15952
   8123,   549,  1707,   201,  -3060,  -812, 15996, -3060,  -812, 15996
   8133,   599,  1777,   219,  -3176,  -444, 15760, -3176,  -444, 15760
   8144,   596,  1843,   232,  -2740,  -508, 15472, -2740,  -508, 15472
   8163,   409,  1962,   240,  -2160,  -380, 16200, -2160,  -380, 16200
   8171,   314,  1995,   233,  -3044,  -620, 14800, -3044,  -620, 14800
   8180,   217,  2003,   224,  -3592,   484, 14748, -3592,   484, 14748
   8190,   160,  1971,   220,  -3808,  1424, 14108, -3808,  1424, 14108
   8193,   155,  1941,   203,  -3936,  2500, 13828, -3936,  2500, 13828
   8204,   129,  1874,   119,  -4192,  1864, 14320, -4192,  1864, 14320
   8209,    74,  1866,    94,  -4368,  1352, 14296, -4368,  1352, 14296
   8213,     9,  1862,    86,  -4584,   812, 14412, -4584,   812, 14412
   8218,   -56,  1867,    86,  -5000,   416, 14484, -5000,   416, 14484
   8224,  -115,  1879,    99,  -5384,     0, 14468, -5384,     0, 14468
   8240,  -253,  1908,   205,  -6572,  -332, 14260, -6572,  -332, 14260
   8249,  -316,  1920,   285,  -6784,  -148, 14396, -6784,  -148, 14396
   8254,  -337,  1928,   320,  -7140,    -8, 14468, -7140,    -8, 14468
   8264,  -353,  1937,   368,  -7748,   256, 14444, -7748,   256, 14444
   8269,  -318,  1948,   385,  -8060,   516, 14292, -8060,   516, 14292
   8274,  -258,  1958,   400,  -8368,   524, 14056, -8368,   524, 14056
   8279,  -183,  1970,   416,  -8492,   648, 13240, -8492,   648, 13240
   8298,   140,  2015,   455,  -8020,  1680, 12124, -8020,  1680, 12124
   8301,   140,  2015,   455,  -8384,  1840, 11832, -8384,  1840, 11832
   8305,   128,  2035,   452,  -8384,  1840, 11832, -8384,  1840, 11832
   8316,   -34,  2085,   425,  -8896,  1948, 11092, -8896,  1948, 11092
   8323,  -387,  2129,   400,  -9512,  1148, 10300, -9512,  1148, 10300
   8330,  -574,  2139,   391,  -9780,  1020, 10416, -9780,  1020, 10416
   8343,  -991,  2126,   411,  -9888,   976, 10568, -9888,   976, 10568
   8355, -1155,  2110,   436,  -9812,   588, 11260, -9812,   588, 11260
   8362, -1233,  2107,   459,  -9644,   332, 11460, -9644,   332, 11460
   8370, -1257,  2111,   474,  -9640,    80, 11748, -9640,    80, 11748
   8381, -1294,  2116,   505, -10156,  -960, 12060,-10156,  -960, 12060
   8386, -1293,  2112,   520, -10432,  -856, 12284,-10432,  -856, 12284
   8397, -1128,  2062,   543, -10876,  -440, 11432,-10876,  -440, 11432
   8406, -1033,  2017,   530, -11252,   -20, 10408,-11252,   -20, 10408
   8417,  -788,  1803,   413, -11888,   172, 10188,-11888,   172, 10188
   8423,  -728,  1721,   364, -12404,   132, 10096,-12404,   132, 10096
   8427,  -681,  1647,   323, -12704,    88,  9956,-12704,    88,  9956
   8436,  -647,  1579,   290, -13040,  -292, 10228,-13040,  -292, 10228
   8451,  -585,  1453,   248, -12840, -1140, 10492,-12840, -1140, 10492
   8473,  -531,  1375,   256, -13088, -1132, 10612,-13088, -1132, 10612
   8478,  -541,  1354,   248, -13308,  -836, 10844,-13308,  -836, 10844
   8485,  -539,  1334,   236, -13432,  -552, 10540,-13432,  -552, 10540
   8494,  -464,  1283,   208, -13116,   -96,  9828,-13116,   -96,  9828
   8508,  -260,  1180,   173, -13496,  -776,  9036,-13496,  -776,  9036
   8519,  -161,  1111,   174, -13540,  -528,  8852,-13540,  -528,  8852
   8526,  -124,  1078,   171, -13720,  -440,  8840,-13720,  -440,  8840
   8530,   -89,  1051,   168, -13812,  -480,  8720,-13812,  -480,  8720
   8543,    30,   989,   164, -13676,   476,  8284,-13676,   476,  8284
   8546,    30,   989,   164, -12796,   588,  8876,-12796,   588,  8876
   8560,    36,   883,   100, -14488,  -964,  6500,-14488,  -964,  6500
   8569,   -49,   790,   127, -14812,  -400,  7800,-14812,  -400,  7800
   8576,  -132,   767,   139, -15220,   -16,  8004,-15220,   -16,  8004
   8585,  -272,   714,   138, -14892,   -48,  8424,-14892,   -48,  8424
   8593,  -312,   668,   126, -14712,  -104,  8768,-14712,  -104,  8768
   8606,  -196,   636,   104, -14188,  -532,  8744,-14188,  -532,  8744
   8613,     8,   613,    91, -13980,  -520,  8412,-13980,  -520,  8412
   8627,   203,   559,    62, -14340,  -288,  7360,-14340,  -288,  7360
   8632,   218,   530,    51, -14136,  -228,  7120,-14136,  -228,  7120
   8635,   218,   530,    51, -14136,  -228,  7120,-14136,  -228,  7120
   8642,   181,   470,    33, -14968,   360,  6856,-14968,   360,  6856
   8651,   155,   439,    24, -14956,   480,  6680,-14956,   480,  6680
   8655,   132,   413,    14, -14956,   480,  6680,-14956,   480,  6680
   8666,    75,   354,     3, -14644,   448,  6524,-14644,   448,  6524
   8673,    18,   287,    -8, -14652,   328,  6560,-14652,   328,  6560
   8683,   -50,   212,   -38, -14792,   -72,  6896,-14792,   -72,  6896
   8697,  -142,   111,   -98, -14704,  -300,  7588,-14704,  -300,  7588
   8715,  -133,    38,  -136, -15072,  -636,  8028,-15072,  -636,  8028
   8719,   -91,    20,  -141, -15072,  -636,  8028,-15072,  -636,  8028
   8730,    25,   -13,  -138, -15036,  -604,  7896,-15036,  -604,  7896
   8738,   137,   -48,  -122, -15088,  -584,  7592,-15088,  -584,  7592
   8745,   172,   -72,  -119, -15088,  -392,  7424,-15088,  -392,  7424
   8747,   201,  -101,  -119, -15112,  -168,  7188,-15112,  -168,  7188
   8753,   218,  -133,  -121, -15100,   -72,  6876,-15100,   -72,  6876
   8766,   198,  -214,  -136, -14932,   -28,  6768,-14932,   -28,  6768
   8769,   164,  -256,  -151, -14880,  -176,  6772,-14880,  -176,  6772
   8774,   120,  -302,  -165, -14760,  -352,  6884,-14760,  -352,  6884
   8782,    47,  -385,  -190, -14664,  -908,  7908,-14664,  -908,  7908
   8803,    89,  -495,  -207, -15044,  -940,  8508,-15044,  -940,  8508
   8816,   141,  -545,  -210, -15044,  -940,  8508,-15044,  -940,  8508
   8823,   178,  -610,  -215, -14976,  -744,  8272,-14976,  -744,  8272
   8832,   227,  -693,  -223, -14728,  -660,  8068,-14728,  -660,  8068
   8847,   305,  -845,  -232, -14560,  -228,  7860,-14560,  -228,  7860
   8852,   316,  -898,  -240, -14492,   -24,  7928,-14492,   -24,  7928
   8857,   316,  -955,  -251, -14348,     0,  7996,-14348,     0,  7996
   8859,   316,  -955,  -251, -14348,     0,  7996,-14348,     0,  7996
   8866,   312, -1011,  -266, -14096,  -216,  7920,-14096,  -216,  7920
   8872,   293, -1136,  -306, -13908,  -280,  8120,-13908,  -280,  8120
   8891,   299, -1336,  -364, -13456,  -252,  8712,-13456,  -252,  8712
   8899,   348, -1475,  -403, -13472,  -292,  8868,-13472,  -292,  8868
   8904,   385, -1539,  -424, -13340,  -444,  9540,-13340,  -444,  9540
   8919,   447, -1705,  -450, -13456, -1248, 11164,-13456, -1248, 11164
   8932,   642, -1807,  -450, -12740,  -944, 11856,-12740,  -944, 11856
   8951,   978, -1853,  -403, -12080,  -632, 11012,-12080,  -632, 11012
   8962,  1246, -1863,  -367, -11868,  -624, 10744,-11868,  -624, 10744
   8964,  1246, -1863,  -367, -11868,  -624, 10744,-11868,  -624, 10744
   8979,  1279, -1857,  -330, -11476,    20, 10156,-11476,    20, 10156
   9003,   728, -1888,  -260, -11604,   736, 10212,-11604,   736, 10212
   9012,   332, -1944,  -269, -11136,   476, 10996,-11136,   476, 10996
   9020,   153, -1982,  -280, -11016,   268, 11444,-11016,   268, 11444
   9033,   -91, -2054,  -299, -10968,   200, 12060,-10968,   200, 12060
   9039,   -96, -2064,  -304, -10492,    -8, 12444,-10492,    -8, 12444
   9054,   -29, -2076,  -322,  -9968,  -288, 12820, -9968,  -288, 12820
   9065,    85, -2064,  -336,  -9528,  -244, 13068, -9528,  -244, 13068
   9068,   164, -2051,  -346,  -9184,  -120, 13020, -9184,  -120, 13020
   9075,   251, -2034,  -355,  -8780,   -16, 13028, -8780,   -16, 13028
   9081,   342, -2018,  -362,  -8240,   304, 13040, -8240,   304, 13040
   9086,   409, -2004,  -365,  -8168,   328, 12996, -8168,   328, 12996
   9093,   405, -2004,  -365,  -7924,   160, 13216, -7924,   160, 13216
   9101,   343, -2016,  -362,  -8056,   -68, 13500, -8056,   -68, 13500
   9107,   173, -2040,  -357,  -8120,  -280, 13636, -8120,  -280, 13636
   9118,     8, -2040,  -356,  -7456,  -476, 14036, -7456,  -476, 14036
   9135,  -237, -2047,  -350,  -6900,  -344, 13780, -6900,  -344, 13780
   9147,  -340, -2055,  -357,  -6380,  -572, 13648, -6380,  -572, 13648
   9157,  -368, -2052,  -374,  -5968,  -852, 13824, -5968,  -852, 13824
   9172,  -403, -2071,  -423,  -5604, -1060, 14276, -5604, -1060, 14276
   9176,  -419, -2078,  -434,  -5504, -1116, 14536, -5504, -1116, 14536
   9183,  -416, -2077,  -439,  -5260, -1128, 14732, -5260, -1128, 14732
   9202,  -447, -2072,  -428,  -4224, -1088, 15136, -4224, -1088, 15136
   9210,  -469, -2065,  -413,  -3596, -1304, 15084, -3596, -1304, 15084
   9224,  -461, -2042,  -393,  -3232, -1424, 14988, -3232, -1424, 14988
   9234,  -452, -2030,  -369,  -2892, -1428, 14872, -2892, -1428, 14872
   9240,  -441, -2020,  -356,  -2776, -1640, 14736, -2776, -1640, 14736
   9250,  -367, -1979,  -350,  -2704, -1784, 15236, -2704, -1784, 15236
   9265,  -228, -1892,  -362,  -2196, -1616, 15992, -2196, -1616, 15992
   9269,  -191, -1857,  -358,  -2216, -1420, 16116, -2216, -1420, 16116
   9274,  -165, -1827,  -347,  -2084, -1544, 16088, -2084, -1544, 16088
   9281,  -141, -1804,  -333,  -2040, -1596, 16008, -2040, -1596, 16008
   9287,   -54, -1771,  -306,  -1764, -1788, 16104, -1764, -1788, 16104
   9290,   -54, -1771,  -306,  -1764, -1788, 16104, -1764, -1788, 16104
   9293,     7, -1753,  -295,  -1600, -1872, 16212, -1600, -1872, 16212
   9298,    79, -1735,  -288,  -1488, -1792, 16304, -1488, -1792, 16304
   9312,   230, -1699,  -273,   -688, -1536, 15996,  -688, -1536, 15996
   9318,   372, -1658,  -255,   -520, -1568, 15764,  -520, -1568, 15764
   9328,   530, -1617,  -247,   -140, -1164, 15696,  -140, -1164, 15696
   9334,   598, -1593,  -246,    -48,  -904, 15716,   -48,  -904, 15716
   9341,   638, -1569,  -241,    -56,    44, 15260,   -56,    44, 15260
   9368,   520, -1443,  -272,   1000,  -396, 15520,  1000,  -396, 15520
   9387,   351, -1347,  -268,    760,  -380, 16004,   760,  -380, 16004
   9395,   244, -1270,  -258,    828,  -568, 16348,   828,  -568, 16348
   9408,   175, -1144,  -213,   1076, -1220, 16700,  1076, -1220, 16700
   9416,   212, -1100,  -187,   1480,  -768, 16900,  1480,  -768, 16900
   9443,   651,  -807,   -94,   2516,  -200, 16184,  2516,  -200, 16184
   9464,   610,  -593,  -101,   2568,   180, 15744,  2568,   180, 15744
   9477,   487,  -442,   -89,   2680,   308, 15432,  2680,   308, 15432
   9480,   487,  -442,   -89,   2680,   308, 15432,  2680,   308, 15432
   9483,   448,  -391,   -79,   2728,   464, 15328,  2728,   464, 15328
   9495,   356,  -286,   -54,   2812,   576, 15356,  2812,   576, 15356
   9505,   248,  -181,   -28,   2768,   620, 15288,  2768,   620, 15288
   9507,   183,  -127,   -16,   2680,   696, 15368,  2680,   696, 15368
   9513,   116,   -79,    -5,   2740,   720, 15580,  2740,   720, 15580
   9527,     6,    26,    14,   3156,   412, 15512,  3156,   412, 15512
   9535,   -48,   129,    43,   3272,   308, 15520,  3272,   308, 15520
   9545,   -80,   215,    73,   3332,  -116, 15176,  3332,  -116, 15176
   9561,   -89,   296,   130,   2976,  -172, 15020,  2976,  -172, 15020
   9571,   -84,   342,   174,   2912,    56, 14932,  2912,    56, 14932
   9579,   -97,   393,   218,   2928,   -28, 14864,  2928,   -28, 14864
   9593,  -205,   452,   255,   2416,  -184, 14456,  2416,  -184, 14456
   9596,  -205,   452,   255,   2120,  -280, 14400,  2120,  -280, 14400
   9608,  -319,   440,   283,   1928,  -784, 14000,  1928,  -784, 14000
   9616,  -304,   411,   307,   1668,  -492, 14136,  1668,  -492, 14136
   9626,  -287,   353,   372,   1460,  -112, 14868,  1460,  -112, 14868
   9635,  -290,   321,   422,   1424,   244, 15184,  1424,   244, 15184
   9659,  -204,   335,   495,   1984,   248, 15608,  1984,   248, 15608
   9687,  -256,   446,   540,   1636,   380, 15392,  1636,   380, 15392
   9702,  -296,   482,   523,   1096,   604, 15376,  1096,   604, 15376
   9712,  -274,   487,   500,   1008,   728, 15676,  1008,   728, 15676
   9723,  -223,   484,   463,   1048,   688, 15744,  1048,   688, 15744
   9729,  -204,   485,   451,   1116,   568, 15728,  1116,   568, 15728
   9734,  -179,   487,   435,   1136,   504, 15884,  1136,   504, 15884
   9744,  -134,   499,   400,   1228,   348, 15364,  1228,   348, 15364
   9757,  -115,   484,   357,   1040,   256, 15100,  1040,   256, 15100
   9765,  -100,   446,   299,   1040,   256, 15100,  1040,   256, 15100
   9769,   -88,   425,   271,    976,   344, 15052,   976,   344, 15052
   9774,   -83,   402,   246,   1036,   328, 15112,  1036,   328, 15112
   9790,   -51,   331,   172,    784,   252, 14948,   784,   252, 14948
   9802,   -17,   281,   117,    716,   180, 15004,   716,   180, 15004
   9806,    -6,   256,    89,    716,   180, 15004,   716,   180, 15004
   9809,     2,   233,    61,    672,   108, 14936,   672,   108, 14936
   9813,     8,   213,    32,    632,   140, 14936,   632,   140, 14936
   9827,    12,   179,   -15,    340,  -160, 15236,   340,  -160, 15236
   9834,    -6,   143,   -63,    300,  -252, 15172,   300,  -252, 15172
   9843,   -29,    95,  -107,    248,  -620, 15288,   248,  -620, 15288
   9855,     8,    42,  -134,    108,  -732, 15384,   108,  -732, 15384
   9874,   200,   -23,  -118,    316, -1040, 15680,   316, -1040, 15680
   9884,   288,   -22,   -84,    456, -1076, 15540,   456, -1076, 15540
   9893,   324,   -15,   -49,    732, -1276, 15244,   732, -1276, 15244
   9900,   317,   -15,   -35,    844, -1304, 15012,   844, -1304, 15012
   9915,   234,    -7,     5,   1312, -1496, 14784,  1312, -1496, 14784
   9925,   175,     3,    39,   1468, -1540, 14768,  1468, -1540, 14768
   9942,    71,    33,   121,   1392, -1044, 14968,  1392, -1044, 14968
   9946,    71,    33,   121,   1392, -1044, 14968,  1392, -1044, 14968
   9958,     0,    42,   191,    912,  -312, 15072,   912,  -312, 15072
   9974,   -97,    48,   254,   1080,   468, 15132,  1080,   468, 15132
   9998,  -248,    46,   304,    820,  1120, 15672,   820,  1120, 15672
  10007,  -282,    52,   303,    552,  1388, 16292,   552,  1388, 16292
  10026,  -425,   101,   244,    264,   972, 17204,   264,   972, 17204
  10037,  -443,   140,   195,    620,   748, 17776,   620,   748, 17776
  10043,  -420,   182,   159,    928,   496, 17872,   928,   496, 17872
  10049,  -401,   206,   140,   1092,   256, 18016,  1092,   256, 18016
  10053,  -378,   227,   123,   1256,   -72, 18076,  1256,   -72, 18076
  10069,  -300,   262,    48,   1300,  -412, 18016,  1300,  -412, 18016
  10076,  -267,   256,    12,   1188,  -372, 17848,  1188,  -372, 17848
  10088,  -105,   201,  -104,   1016,  -332, 17556,  1016,  -332, 17556
  10097,   -42,   175,  -144,   1176,  -380, 17504,  1176,  -380, 17504
  10105,    63,   123,  -215,   1380,  -520, 17464,  1380,  -520, 17464
  10116,   152,    83,  -274,   1424,  -408, 17244,  1424,  -408, 17244
  10130,   232,    51,  -358,   1468,  -324, 17152,  1468,  -324, 17152
  10142,   213,    46,  -405,   1240,  -304, 17320,  1240,  -304, 17320
  10152,   146,    56,  -454,   1020,  -408, 17176,  1020,  -408, 17176
  10162,    77,    68,  -502,   1076,  -716, 16924,  1076,  -716, 16924
  10171,    61,    55,  -530,   1000,  -792, 16728,  1000,  -792, 16728
  10174,    80,    43,  -536,    928,  -964, 16748,   928,  -964, 16748
  10186,   157,    11,  -540,    936, -1160, 16740,   936, -1160, 16740
  10193,   232,   -22,  -525,    976, -1332, 16688,   976, -1332, 16688
  10200,   262,   -36,  -514,   1104, -1508, 16624,  1104, -1508, 16624
  10218,   327,   -42,  -457,    932, -1208, 16508,   932, -1208, 16508
  10229,   308,   -17,  -430,    724,  -812, 16520,   724,  -812, 16520
  10247,   276,    35,  -376,    304,  -392, 16184,   304,  -392, 16184
  10264,   258,    95,  -311,    144,  -260, 15984,   144,  -260, 15984
  10268,   250,   110,  -300,    -40,   -28, 15992,   -40,   -28, 15992
  10274,   236,   122,  -290,   -172,   160, 15984,  -172,   160, 15984
  10290,   176,   159,  -275,   -588,   536, 16044,  -588,   536, 16044
  10305,   153,   201,  -267,  -1252,   800, 15948, -1252,   800, 15948
  10320,   118,   233,  -265,  -1268,   748, 15752, -1268,   748, 15752
  10324,   112,   237,  -264,  -1252,   768, 15748, -1252,   768, 15748
  10333,   114,   231,  -264,  -1452,   768, 15412, -1452,   768, 15412
  10342,   124,   206,  -259,  -1356,   420, 15172, -1356,   420, 15172
  10355,   143,   171,  -246,  -1324,   368, 15124, -1324,   368, 15124
  10360,   153,   156,  -235,  -1196,   400, 15060, -1196,   400, 15060
  10365,   158,   145,  -224,  -1268,   300, 15080, -1268,   300, 15080
  10374,   158,   128,  -204,  -1360,   344, 15100, -1360,   344, 15100
  10377,   158,   128,  -204,  -1392,   348, 15076, -1392,   348, 15076
  10384,   128,   123,  -187,  -1432,   420, 14956, -1432,   420, 14956
  10393,    68,   115,  -174,  -1296,   336, 14800, -1296,   336, 14800
  10415,    21,    75,  -153,  -1468,  -192, 14500, -1468,  -192, 14500
  10431,    44,    18,  -151,  -1488,  -236, 14476, -1488,  -236, 14476
  10441,    84,   -17,  -144,  -1252,  -536, 14312, -1252,  -536, 14312
  10451,   122,   -49,  -132,   -748,  -604, 14480,  -748,  -604, 14480
  10463,    98,   -74,   -99,   -252,  -916, 14660,  -252,  -916, 14660
  10477,    14,   -70,   -72,    -52, -1036, 14880,   -52, -1036, 14880
  10483,   -93,   -63,   -55,    -72, -1112, 14920,   -72, -1112, 14920
  10489,  -133,   -58,   -53,   -304, -1160, 15068,  -304, -1160, 15068
  10497,  -154,   -54,   -49,   -512, -1156, 14968,  -512, -1156, 14968
  10516,  -122,   -60,   -30,     -8, -1280, 15316,    -8, -1280, 15316
  10523,   -86,   -67,     4,    508, -1460, 15492,   508, -1460, 15492
  10531,   -69,   -64,    29,    768, -1436, 15768,   768, -1436, 15768
  10542,   -53,   -45,    89,    936, -1416, 15888,   936, -1416, 15888
  10550,   -79,   -13,   154,    980, -1376, 15960,   980, -1376, 15960
  10564,  -142,    36,   244,   1232, -1268, 15928,  1232, -1268, 15928
  10569,  -158,    50,   271,   1392, -1144, 16028,  1392, -1144, 16028
  10583,  -204,    81,   350,   1496,  -692, 16108,  1496,  -692, 16108
  10593,  -193,   101,   396,   1300,  -320, 16388,  1300,  -320, 16388
  10602,  -174,   111,   414,   1092,    84, 16564,  1092,    84, 16564
  10609,  -124,   132,   433,    888,   224, 16588,   888,   224, 16588
  10612,   -93,   146,   438,    844,   440, 16504,   844,   440, 16504
  10615,   -93,   146,   438,    740,   624, 16496,   740,   624, 16496
  10629,   -15,   204,   428,    680,   920, 16576,   680,   920, 16576
  10645,   -21,   276,   389,    716,  1160, 16612,   716,  1160, 16612
  10656,   -66,   325,   356,    880,  1168, 16396,   880,  1168, 16396
  10667,  -103,   365,   324,    756,  1064, 16008,   756,  1064, 16008
  10678,  -100,   373,   254,    388,  1016, 15596,   388,  1016, 15596
  10691,   -63,   340,   193,     24,  1336, 15420,    24,  1336, 15420
  10708,    62,   237,    71,    -60,  1416, 15216,   -60,  1416, 15216
  10713,    91,   211,    41,   -176,  1420, 15176,  -176,  1420, 15176
  10719,   118,   184,     9,   -248,  1444, 14972,  -248,  1444, 14972
  10730,   138,   139,   -55,   -456,  1432, 14980,  -456,  1432, 14980
  10744,   120,    74,  -138,   -412,  1244, 14888,  -412,  1244, 14888
  10750,   111,    53,  -161,   -212,   920, 14804,  -212,   920, 14804
  10763,    66,     0,  -215,    -68,   592, 14888,   -68,   592, 14888
  10765,    66,     0,  -215,    -68,   592, 14888,   -68,   592, 14888
  10769,    47,   -15,  -225,     56,   400, 15072,    56,   400, 15072
  10774,    37,   -29,  -232,     40,   256, 15160,    40,   256, 15160
  10781,    35,   -43,  -235,    104,   156, 15208,   104,   156, 15208
  10792,    52,   -64,  -231,    140,    12, 15440,   140,    12, 15440
  10807,    56,   -76,  -201,     28,  -108, 15600,    28,  -108, 15600
  10813,    68,   -73,  -178,     20,  -208, 15536,    20,  -208, 15536
  10819,    72,   -70,  -164,     60,  -152, 15500,    60,  -152, 15500
  10838,    55,   -48,  -108,    316,  -408, 15292,   316,  -408, 15292
  10871,    21,   -65,   -25,     96,  -128, 15068,    96,  -128, 15068
  10880,    28,   -75,    -1,     40,    92, 15240,    40,    92, 15240
  10909,   -45,   -43,    28,     20,   460, 15576,    20,   460, 15576
  10917,   -69,   -19,    30,    168,   332, 15492,   168,   332, 15492
  10924,   -73,    -7,    32,    216,   436, 15460,   216,   436, 15460
  10932,   -73,     6,    33,    128,   460, 15524,   128,   460, 15524
  10939,   -62,    28,    35,    180,   404, 15488,   180,   404, 15488
  10949,   -49,    45,    32,    -36,   692, 15408,   -36,   692, 15408
  10973,   -66,    69,    13,    -96,   772, 15316,   -96,   772, 15316
  10978,   -73,    67,     9,    -60,   700, 15332,   -60,   700, 15332
  10989,   -83,    68,     0,     48,   576, 15280,    48,   576, 15280
  11012,  -133,    51,   -23,    -40,   480, 15392,   -40,   480, 15392
  11041,  -171,     2,   -69,    -80,   224, 15560,   -80,   224, 15560
  11043,  -161,    -5,   -74,    -64,   220, 15620,   -64,   220, 15620
  11048,  -145,    -8,   -78,    -84,    88, 15712,   -84,    88, 15712
  11057,  -127,   -16,   -80,    -64,   136, 15864,   -64,   136, 15864
  11062,   -97,   -24,   -85,   -136,   152, 15988,  -136,   152, 15988
  11069,   -93,   -29,   -85,     64,   112, 16004,    64,   112, 16004
  11078,   -88,   -31,   -83,    100,     0, 15976,   100,     0, 15976
  11080,   -88,   -31,   -83,    108,   -16, 16076,   108,   -16, 16076
  11098,   -78,   -16,   -72,    208,    84, 16064,   208,    84, 16064
  11107,   -83,    -8,   -66,    240,    84, 16232,   240,    84, 16232
  11121,  -107,    11,   -52,    264,   -76, 16120,   264,   -76, 16120
  11134,  -110,    27,   -41,    244,  -100, 16228,   244,  -100, 16228
  11137,  -110,    27,   -41,    160,   -40, 16284,   160,   -40, 16284
  11142,  -107,    30,   -37,    156,   -36, 16200,   156,   -36, 16200
  11148,   -88,    37,   -27,    256,   -32, 16120,   256,   -32, 16120
  11155,   -74,    39,   -22,    324,   -20, 16332,   324,   -20, 16332
  11171,   -21,    47,    -6,    320,   -96, 16212,   320,   -96, 16212
  11184,    -6,    55,     8,    492,   -28, 16132,   492,   -28, 16132
  11196,     4,    63,    16,    380,     8, 16224,   380,     8, 16224
  11208,   -11,    81,    18,    368,   192, 16220,   368,   192, 16220
  11216,   -18,    88,    17,    368,   192, 16220,   368,   192, 16220
  11221,   -20,    96,    14,    280,   260, 16176,   280,   260, 16176
  11227,   -14,   101,     9,    292,   328, 16036,   292,   328, 16036
  11241,    15,   119,    -2,    320,   380, 16012,   320,   380, 16012
  11245,    19,   120,    -7,    304,   388, 15800,   304,   388, 15800
  11249,    21,   120,   -12,    316,   328, 15820,   316,   328, 15820
  11254,    19,   120,   -21,    324,   364, 15704,   324,   364, 15704
  11260,    13,   121,   -28,    256,   392, 15640,   256,   392, 15640
  11264,     9,   117,   -35,    300,   388, 15488,   300,   388, 15488
  11269,     5,   115,   -40,    212,   300, 15452,   212,   300, 15452
  11275,     1,   111,   -47,    252,   392, 15400,   252,   392, 15400
  11279,    -5,   109,   -58,    120,   316, 15452,   120,   316, 15452
  11292,   -25,   100,   -77,    -68,   412, 15484,   -68,   412, 15484
  11304,   -84,    77,  -108,    -96,   264, 15328,   -96,   264, 15328
  11311,   -94,    68,  -117,    180,  -124, 15488,   180,  -124, 15488
  11323,   -79,    33,  -142,    208,  -128, 15520,   208,  -128, 15520
  11328,   -71,    22,  -148,    164,  -104, 15580,   164,  -104, 15580
